match_definition,city,GUSH,FULLADRESS,street,new_date,old_dates_for_property,price_millions,area,rooms,floor,apt type,New_Project,build_year,building age,build_floors,_property_key
parcel_unit_like,אשדוד,2071-253-113,"ארלוזורוב, אשדוד",ארלוזורוב,1998-04-19,1998-07-28;1999-06-15,0.447,75.0,,3.0,לא צויין סוג ,New Project,1999.0,-1.0,12.0,אשדוד|2071-253|75.0||3.0|לא צויין סוג|1999.0
parcel_unit_like,אשדוד,2023-16-72,"רב ינאי, אשדוד",רב ינאי,1998-05-24,1999-06-15,0.327,100.0,,3.0,לא צויין סוג ,New Project,2000.0,-2.0,4.0,אשדוד|2023-16|100.0||3.0|לא צויין סוג|2000.0
parcel_unit_like,אשדוד,2023-16-72,"רב ינאי, אשדוד",רב ינאי,1998-05-24,1999-06-15,0.327,100.0,,3.0,לא צויין סוג ,New Project,2000.0,-2.0,4.0,אשדוד|2023-16|100.0||3.0|לא צויין סוג|2000.0
parcel_unit_like,אשדוד,2071-253-109,"ארלוזורוב, אשדוד",ארלוזורוב,1998-10-25,1998-07-21,0.468,75.0,,6.0,לא צויין סוג ,New Project,1999.0,-1.0,12.0,אשדוד|2071-253|75.0||6.0|לא צויין סוג|1999.0
parcel_unit_like,אשדוד,2023-16-69,"רב ינאי, אשדוד",רב ינאי,1998-12-30,1999-06-15,0.437,100.0,,3.0,לא צויין סוג ,New Project,2000.0,-2.0,4.0,אשדוד|2023-16|100.0||3.0|לא צויין סוג|2000.0
parcel_unit_like,אשדוד,2023-16-69,"רב ינאי, אשדוד",רב ינאי,1998-12-30,1999-06-15,0.437,100.0,,3.0,לא צויין סוג ,New Project,2000.0,-2.0,4.0,אשדוד|2023-16|100.0||3.0|לא צויין סוג|2000.0
parcel_unit_like,אשדוד,2023-84-57,"רשב""י, אשדוד","רשב""י",2000-03-06,1998-05-14;1998-08-19;1998-09-28;1998-11-03;1998-12-22;1999-02-09;1999-02-24;1999-06-23;1999-06-29,0.561,100.0,,1.0,לא צויין סוג ,2nd hand,1998.0,2.0,4.0,אשדוד|2023-84|100.0||1.0|לא צויין סוג|1998.0
parcel_unit_like,אשדוד,2023-84-57,"רשב""י, אשדוד","רשב""י",2000-03-06,1998-05-14;1998-08-19;1998-09-28;1998-11-03;1998-12-22;1999-02-09;1999-02-24;1999-06-23;1999-06-29,0.561,100.0,,1.0,לא צויין סוג ,2nd hand,1998.0,2.0,4.0,אשדוד|2023-84|100.0||1.0|לא צויין סוג|1998.0
parcel_unit_like,אשדוד,2648-56-78,"וולפסון דוד, אשדוד",וולפסון דוד,2000-04-04,1998-04-03;1998-10-01;1999-03-30,0.517,100.0,,1.0,לא צויין סוג ,New Project,2000.0,0.0,11.0,אשדוד|2648-56|100.0||1.0|לא צויין סוג|2000.0
parcel_unit_like,אשדוד,2072-3-97,"הבנים, אשדוד",הבנים,2000-04-06,1998-01-06;1998-10-29;1999-05-10,0.652,100.0,,8.0,לא צויין סוג ,2nd hand,1999.0,1.0,13.0,אשדוד|2072-3|100.0||8.0|לא צויין סוג|1999.0
parcel_unit_like,אשדוד,2449-8-322,"הציונות, אשדוד",הציונות,2000-04-12,1998-06-17,0.494,75.0,,5.0,לא צויין סוג ,New Project,2000.0,0.0,9.0,אשדוד|2449-8|75.0||5.0|לא צויין סוג|2000.0
parcel_unit_like,אשדוד,2023-84-55,"רשב""י, אשדוד","רשב""י",2000-05-01,1999-08-03,0.505,125.0,,2.0,לא צויין סוג ,2nd hand,1998.0,2.0,4.0,אשדוד|2023-84|125.0||2.0|לא צויין סוג|1998.0
parcel_unit_like,אשדוד,2023-84-55,"רשב""י, אשדוד","רשב""י",2000-05-01,1999-08-03,0.505,125.0,,2.0,לא צויין סוג ,2nd hand,1998.0,2.0,4.0,אשדוד|2023-84|125.0||2.0|לא צויין סוג|1998.0
parcel_unit_like,אשדוד,2071-95-5,"ספיח, אשדוד",ספיח,2000-05-12,1998-12-03,0.518,75.0,,3.0,לא צויין סוג ,2nd hand,1997.0,3.0,3.0,אשדוד|2071-95|75.0||3.0|לא צויין סוג|1997.0
parcel_unit_like,אשדוד,2071-95-5,"ספיח, אשדוד",ספיח,2000-05-12,1998-12-03,0.518,75.0,,3.0,לא צויין סוג ,2nd hand,1997.0,3.0,3.0,אשדוד|2071-95|75.0||3.0|לא צויין סוג|1997.0
parcel_unit_like,אשדוד,2449-8-6,"הציונות, אשדוד",הציונות,2000-05-17,1999-05-05,0.6,125.0,,4.0,לא צויין סוג ,New Project,2000.0,0.0,9.0,אשדוד|2449-8|125.0||4.0|לא צויין סוג|2000.0
parcel_unit_like,אשדוד,2023-84-7,"רשב""י, אשדוד","רשב""י",2000-08-16,1999-03-07,0.501,125.0,,1.0,לא צויין סוג ,2nd hand,1998.0,2.0,4.0,אשדוד|2023-84|125.0||1.0|לא צויין סוג|1998.0
parcel_unit_like,אשדוד,2023-84-7,"רשב""י, אשדוד","רשב""י",2000-08-16,1999-03-07,0.501,125.0,,1.0,לא צויין סוג ,2nd hand,1998.0,2.0,4.0,אשדוד|2023-84|125.0||1.0|לא צויין סוג|1998.0
parcel_unit_like,אשדוד,2072-3-83,"הבנים, אשדוד",הבנים,2000-10-04,1998-11-09,0.779,100.0,,11.0,לא צויין סוג ,2nd hand,1999.0,1.0,13.0,אשדוד|2072-3|100.0||11.0|לא צויין סוג|1999.0
parcel_unit_like,אשדוד,2072-3-82,"הבנים, אשדוד",הבנים,2000-11-02,1998-11-08,0.668,100.0,,5.0,לא צויין סוג ,2nd hand,1999.0,1.0,13.0,אשדוד|2072-3|100.0||5.0|לא צויין סוג|1999.0
parcel_unit_like,אשדוד,2023-84-52,"רשב""י, אשדוד","רשב""י",2000-11-14,1999-03-07,0.498,125.0,,1.0,לא צויין סוג ,2nd hand,1998.0,2.0,4.0,אשדוד|2023-84|125.0||1.0|לא צויין סוג|1998.0
parcel_unit_like,אשדוד,2023-84-52,"רשב""י, אשדוד","רשב""י",2000-11-14,1999-03-07,0.498,125.0,,1.0,לא צויין סוג ,2nd hand,1998.0,2.0,4.0,אשדוד|2023-84|125.0||1.0|לא צויין סוג|1998.0
parcel_unit_like,אשדוד,2449-8-8,"הציונות, אשדוד",הציונות,2000-12-26,1998-03-03,0.477,75.0,,4.0,לא צויין סוג ,New Project,2000.0,0.0,9.0,אשדוד|2449-8|75.0||4.0|לא צויין סוג|2000.0
parcel_unit_like,אשדוד,2023-16-3,"רב ינאי, אשדוד",רב ינאי,2001-03-23,1999-05-25,0.505,100.0,,1.0,לא צויין סוג ,2nd hand,2000.0,1.0,4.0,אשדוד|2023-16|100.0||1.0|לא צויין סוג|2000.0
parcel_unit_like,אשדוד,2023-16-3,"רב ינאי, אשדוד",רב ינאי,2001-03-23,1999-05-25,0.505,100.0,,1.0,לא צויין סוג ,2nd hand,2000.0,1.0,4.0,אשדוד|2023-16|100.0||1.0|לא צויין סוג|2000.0
parcel_unit_like,אשדוד,2071-253-103,"ארלוזורוב, אשדוד",ארלוזורוב,2001-05-06,1998-07-30,0.428,75.0,,4.0,לא צויין סוג ,2nd hand,1999.0,2.0,12.0,אשדוד|2071-253|75.0||4.0|לא צויין סוג|1999.0
parcel_unit_like,אשדוד,2023-84-9,"רשב""י, אשדוד","רשב""י",2001-12-30,1998-01-01;1998-06-11;1998-09-09;1999-05-02,0.474,100.0,,2.0,לא צויין סוג ,2nd hand,1998.0,3.0,4.0,אשדוד|2023-84|100.0||2.0|לא צויין סוג|1998.0
parcel_unit_like,אשדוד,2023-84-9,"רשב""י, אשדוד","רשב""י",2001-12-30,1998-01-01;1998-06-11;1998-09-09;1999-05-02,0.474,100.0,,2.0,לא צויין סוג ,2nd hand,1998.0,3.0,4.0,אשדוד|2023-84|100.0||2.0|לא צויין סוג|1998.0
parcel_unit_like,אשדוד,2023-85-25,"רב ינאי, אשדוד",רב ינאי,2002-04-11,1998-12-24,0.533,100.0,,3.0,לא צויין סוג ,2nd hand,1999.0,3.0,4.0,אשדוד|2023-85|100.0||3.0|לא צויין סוג|1999.0
parcel_unit_like,אשדוד,2023-85-25,"רב ינאי, אשדוד",רב ינאי,2002-04-11,1998-12-24,0.533,100.0,,3.0,לא צויין סוג ,2nd hand,1999.0,3.0,4.0,אשדוד|2023-85|100.0||3.0|לא צויין סוג|1999.0
parcel_unit_like,אשדוד,2071-57-8,"אליאשוילי, אשדוד",אליאשוילי,2002-05-19,1998-03-30;1998-11-29;1999-03-02,0.65,125.0,,8.0,לא צויין סוג ,2nd hand,1996.0,6.0,3.0,אשדוד|2071-57|125.0||8.0|לא צויין סוג|1996.0
parcel_unit_like,אשדוד,2023-84-50,"רשב""י, אשדוד","רשב""י",2002-05-27,1998-12-08;1999-02-10;1999-06-16,0.497,100.0,,4.0,לא צויין סוג ,2nd hand,1998.0,4.0,4.0,אשדוד|2023-84|100.0||4.0|לא צויין סוג|1998.0
parcel_unit_like,אשדוד,2023-84-50,"רשב""י, אשדוד","רשב""י",2002-05-27,1998-12-08;1999-02-10;1999-06-16,0.497,100.0,,4.0,לא צויין סוג ,2nd hand,1998.0,4.0,4.0,אשדוד|2023-84|100.0||4.0|לא צויין סוג|1998.0
parcel_unit_like,אשדוד,2023-84-49,"רשב""י, אשדוד","רשב""י",2002-06-25,1998-03-02;1998-10-29;1999-10-20;1999-11-01,0.565,100.0,,3.0,לא צויין סוג ,2nd hand,1998.0,4.0,4.0,אשדוד|2023-84|100.0||3.0|לא צויין סוג|1998.0
parcel_unit_like,אשדוד,2023-84-49,"רשב""י, אשדוד","רשב""י",2002-06-25,1998-03-02;1998-10-29;1999-10-20;1999-11-01,0.565,100.0,,3.0,לא צויין סוג ,2nd hand,1998.0,4.0,4.0,אשדוד|2023-84|100.0||3.0|לא צויין סוג|1998.0
parcel_unit_like,אשדוד,2023-84-47,"רשב""י, אשדוד","רשב""י",2002-06-30,1998-01-01;1998-06-11;1998-09-09;1999-05-02,0.515,100.0,,2.0,לא צויין סוג ,2nd hand,1998.0,4.0,4.0,אשדוד|2023-84|100.0||2.0|לא צויין סוג|1998.0
parcel_unit_like,אשדוד,2023-84-47,"רשב""י, אשדוד","רשב""י",2002-06-30,1998-01-01;1998-06-11;1998-09-09;1999-05-02,0.515,100.0,,2.0,לא צויין סוג ,2nd hand,1998.0,4.0,4.0,אשדוד|2023-84|100.0||2.0|לא צויין סוג|1998.0
parcel_unit_like,אשדוד,2449-8-318,"הציונות, אשדוד",הציונות,2002-07-29,1998-07-23,0.517,75.0,,8.0,לא צויין סוג ,2nd hand,2000.0,2.0,9.0,אשדוד|2449-8|75.0||8.0|לא צויין סוג|2000.0
parcel_unit_like,אשדוד,2023-84-46,"רשב""י, אשדוד","רשב""י",2002-10-30,1998-01-01;1998-06-11;1998-09-09;1999-05-02,0.564,100.0,,2.0,לא צויין סוג ,2nd hand,1998.0,4.0,4.0,אשדוד|2023-84|100.0||2.0|לא צויין סוג|1998.0
parcel_unit_like,אשדוד,2023-84-46,"רשב""י, אשדוד","רשב""י",2002-10-30,1998-01-01;1998-06-11;1998-09-09;1999-05-02,0.564,100.0,,2.0,לא צויין סוג ,2nd hand,1998.0,4.0,4.0,אשדוד|2023-84|100.0||2.0|לא צויין סוג|1998.0
parcel_unit_like,אשדוד,2449-8-315,"הציונות, אשדוד",הציונות,2003-01-22,1998-07-23,0.515,75.0,,8.0,לא צויין סוג ,2nd hand,2000.0,3.0,9.0,אשדוד|2449-8|75.0||8.0|לא צויין סוג|2000.0
parcel_unit_like,אשדוד,2023-84-45,"רשב""י, אשדוד","רשב""י",2003-04-13,1998-02-26;1999-03-23;1999-08-10;1999-12-22,0.578,125.0,,4.0,לא צויין סוג ,2nd hand,1998.0,5.0,4.0,אשדוד|2023-84|125.0||4.0|לא צויין סוג|1998.0
parcel_unit_like,אשדוד,2023-84-45,"רשב""י, אשדוד","רשב""י",2003-04-13,1998-02-26;1999-03-23;1999-08-10;1999-12-22,0.578,125.0,,4.0,לא צויין סוג ,2nd hand,1998.0,5.0,4.0,אשדוד|2023-84|125.0||4.0|לא צויין סוג|1998.0
parcel_unit_like,אשדוד,2072-3-61,"הבנים, אשדוד",הבנים,2003-05-01,1998-11-09,0.881,100.0,,11.0,לא צויין סוג ,2nd hand,1999.0,4.0,13.0,אשדוד|2072-3|100.0||11.0|לא צויין סוג|1999.0
parcel_unit_like,אשדוד,2072-3-59,"הבנים, אשדוד",הבנים,2003-06-15,1998-12-16,0.733,100.0,,13.0,לא צויין סוג ,2nd hand,1999.0,4.0,13.0,אשדוד|2072-3|100.0||13.0|לא צויין סוג|1999.0
parcel_unit_like,אשדוד,2071-57-6,"אליאשוילי, אשדוד",אליאשוילי,2003-07-18,1998-03-30;1998-11-29;1999-03-02,0.656,125.0,,8.0,לא צויין סוג ,2nd hand,1996.0,7.0,3.0,אשדוד|2071-57|125.0||8.0|לא צויין סוג|1996.0
parcel_unit_like,אשדוד,2647-70-6,"סירקין נחמן, אשדוד",סירקין נחמן,2003-07-23,1998-10-26,0.568,110.0,,3.0,לא צויין סוג ,2nd hand,2000.0,3.0,11.0,אשדוד|2647-70|110.0||3.0|לא צויין סוג|2000.0
parcel_unit_like,אשדוד,2647-70-6,"סירקין נחמן, אשדוד",סירקין נחמן,2003-07-23,1998-10-26,0.568,110.0,,3.0,לא צויין סוג ,2nd hand,2000.0,3.0,11.0,אשדוד|2647-70|110.0||3.0|לא צויין סוג|2000.0
parcel_unit_like,אשדוד,2061-30-94,"נורדאו, אשדוד",נורדאו,2003-12-21,1999-05-02,0.526,75.0,,6.0,לא צויין סוג ,2nd hand,1997.0,6.0,2.0,אשדוד|2061-30|75.0||6.0|לא צויין סוג|1997.0
parcel_unit_like,אשדוד,2061-30-94,"נורדאו, אשדוד",נורדאו,2003-12-21,1999-05-02,0.526,75.0,,6.0,לא צויין סוג ,2nd hand,1997.0,6.0,2.0,אשדוד|2061-30|75.0||6.0|לא צויין סוג|1997.0
parcel_unit_like,אשדוד,2061-30-94,"נורדאו, אשדוד",נורדאו,2003-12-21,1999-05-02,0.526,75.0,,6.0,לא צויין סוג ,2nd hand,1997.0,6.0,2.0,אשדוד|2061-30|75.0||6.0|לא צויין סוג|1997.0
parcel_unit_like,אשקלון,2556-8-20,"בלפור, אשקלון",בלפור,2000-03-19,1998-12-14,0.707,132.9,,4.0,לא צויין סוג ,2nd hand,1999.0,1.0,4.0,אשקלון|2556-8|132.9||4.0|לא צויין סוג|1999.0
parcel_unit_like,אשקלון,1934-203-21,"הר תבור, אשקלון",הר תבור,2000-04-04,1999-09-30,0.605,,,1.0,לא צויין סוג ,New Project,2000.0,0.0,,אשקלון|1934-203|||1.0|לא צויין סוג|2000.0
parcel_unit_like,אשקלון,2556-13-73,"אצ""ל, אשקלון","אצ""ל",2000-04-09,1998-02-01,0.755,129.82,,9.0,לא צויין סוג ,2nd hand,1998.0,2.0,9.0,אשקלון|2556-13|129.82||9.0|לא צויין סוג|1998.0
parcel_unit_like,אשקלון,1934-203-20,"הר תבור, אשקלון",הר תבור,2000-05-14,1999-09-26;1999-12-03,0.599,,,2.0,לא צויין סוג ,New Project,2000.0,0.0,,אשקלון|1934-203|||2.0|לא צויין סוג|2000.0
parcel_unit_like,אשקלון,1934-203-19,"הר תבור, אשקלון",הר תבור,2000-07-27,1999-10-05;1999-10-06,0.598,,,3.0,לא צויין סוג ,New Project,2000.0,0.0,,אשקלון|1934-203|||3.0|לא צויין סוג|2000.0
parcel_unit_like,אשקלון,1934-205-14,"הר ארבל, אשקלון",הר ארבל,2000-10-03,1999-12-30,0.724,,,1.0,לא צויין סוג ,2nd hand,1998.0,2.0,,אשקלון|1934-205|||1.0|לא צויין סוג|1998.0
parcel_unit_like,אשקלון,1934-203-18,"הר תבור, אשקלון",הר תבור,2000-10-15,1999-09-26;1999-12-03,0.757,,,2.0,לא צויין סוג ,New Project,2000.0,0.0,,אשקלון|1934-203|||2.0|לא צויין סוג|2000.0
parcel_unit_like,אשקלון,1934-205-12,"הר ארבל, אשקלון",הר ארבל,2001-01-10,1999-12-30,0.668,,,1.0,לא צויין סוג ,2nd hand,1998.0,3.0,,אשקלון|1934-205|||1.0|לא צויין סוג|1998.0
parcel_unit_like,אשקלון,2557-30-2,"דיזראלי, אשקלון",דיזראלי,2001-03-05,1999-12-26,0.948,153.45,,0.0,לא צויין סוג ,2nd hand,1999.0,2.0,,אשקלון|2557-30|153.45||0.0|לא צויין סוג|1999.0
parcel_unit_like,אשקלון,1934-205-11,"הר ארבל, אשקלון",הר ארבל,2001-04-16,1999-12-30,0.666,,,1.0,לא צויין סוג ,2nd hand,1998.0,3.0,,אשקלון|1934-205|||1.0|לא צויין סוג|1998.0
parcel_unit_like,אשקלון,1934-203-17,"הר תבור, אשקלון",הר תבור,2001-08-12,1999-09-30,0.693,,,1.0,לא צויין סוג ,2nd hand,2000.0,1.0,,אשקלון|1934-203|||1.0|לא צויין סוג|2000.0
parcel_unit_like,אשקלון,1934-205-8,"הר ארבל, אשקלון",הר ארבל,2002-05-19,1999-12-21;1999-12-22,0.72,120.0,,1.0,לא צויין סוג ,2nd hand,1998.0,4.0,,אשקלון|1934-205|120.0||1.0|לא צויין סוג|1998.0
parcel_unit_like,אשקלון,1996-136-6,"סמולנסקין, אשקלון",סמולנסקין,2021-01-07,2004-11-04,0.6,41.8,,0.0,דירה בבית קומות,2nd hand,1960.0,61.0,1.0,אשקלון|1996-136|41.8||0.0|דירה בבית קומות|1960.0
parcel_unit_like,באר שבע,38006-154-33,"נגבה, באר שבע",נגבה,1999-06-23,1999-08-29,0.398,82.0,,5.0,לא צויין סוג ,2nd hand,1959.0,40.0,1.0,באר שבע|38006-154|82.0||5.0|לא צויין סוג|1959.0
parcel_unit_like,באר שבע,38111-196-16,"אופירה, באר שבע",אופירה,1999-09-29,1999-12-23,0.523,83.5,,4.0,לא צויין סוג ,New Project,1999.0,0.0,9.0,באר שבע|38111-196|83.5||4.0|לא צויין סוג|1999.0
parcel_unit_like,באר שבע,38035-60-572,"קנדל הנרי, באר שבע",קנדל הנרי,1999-10-21,1998-11-09,0.683,126.0,,3.0,לא צויין סוג ,New Project,2000.0,-1.0,18.0,באר שבע|38035-60|126.0||3.0|לא צויין סוג|2000.0
parcel_unit_like,באר שבע,38006-154-28,"נגבה, באר שבע",נגבה,1999-11-07,1999-05-12;1999-06-20,0.55,104.0,,1.0,לא צויין סוג ,2nd hand,1959.0,40.0,1.0,באר שבע|38006-154|104.0||1.0|לא צויין סוג|1959.0
parcel_unit_like,באר שבע,38006-154-26,"נגבה, באר שבע",נגבה,2000-05-17,1999-01-26,0.435,90.0,,3.0,לא צויין סוג ,2nd hand,1959.0,41.0,1.0,באר שבע|38006-154|90.0||3.0|לא צויין סוג|1959.0
parcel_unit_like,באר שבע,38006-140-30,"ברק, באר שבע",ברק,2000-06-11,1999-10-19,0.31,60.0,,1.0,לא צויין סוג ,2nd hand,1960.0,40.0,1.0,באר שבע|38006-140|60.0||1.0|לא צויין סוג|1960.0
parcel_unit_like,באר שבע,38006-124-6,"ברק, באר שבע",ברק,2000-11-30,2000-05-07,0.527,129.0,,1.0,לא צויין סוג ,2nd hand,1999.0,1.0,,באר שבע|38006-124|129.0||1.0|לא צויין סוג|1999.0
parcel_unit_like,באר שבע,38006-142-23,"ברק, באר שבע",ברק,2000-12-24,2000-02-15,0.452,79.0,,8.0,לא צויין סוג ,2nd hand,1960.0,40.0,1.0,באר שבע|38006-142|79.0||8.0|לא צויין סוג|1960.0
parcel_unit_like,באר שבע,38006-161-22,"נגבה, באר שבע",נגבה,2001-01-09,1998-02-19,0.459,80.0,,7.0,לא צויין סוג ,2nd hand,1960.0,41.0,1.0,באר שבע|38006-161|80.0||7.0|לא צויין סוג|1960.0
parcel_unit_like,באר שבע,38006-162-19,"נגבה, באר שבע",נגבה,2001-04-16,1998-11-20,0.538,100.0,,4.0,לא צויין סוג ,2nd hand,1980.0,21.0,1.0,באר שבע|38006-162|100.0||4.0|לא צויין סוג|1980.0
parcel_unit_like,באר שבע,38006-161-17,"נגבה, באר שבע",נגבה,2001-06-08,1998-02-04,0.435,80.0,,1.0,לא צויין סוג ,2nd hand,1960.0,41.0,1.0,באר שבע|38006-161|80.0||1.0|לא צויין סוג|1960.0
parcel_unit_like,באר שבע,38035-60-534,"קנדל הנרי, באר שבע",קנדל הנרי,2001-08-31,1999-03-03,0.71,162.0,,15.0,לא צויין סוג ,2nd hand,2000.0,1.0,18.0,באר שבע|38035-60|162.0||15.0|לא צויין סוג|2000.0
parcel_unit_like,באר שבע,38006-161-13,"נגבה, באר שבע",נגבה,2001-11-11,1998-03-02;1998-04-07,0.439,80.0,,4.0,לא צויין סוג ,2nd hand,1960.0,41.0,1.0,באר שבע|38006-161|80.0||4.0|לא צויין סוג|1960.0
parcel_unit_like,באר שבע,38006-154-22,"נגבה, באר שבע",נגבה,2001-12-20,1998-11-20;1998-12-04;1998-12-21,0.448,99.0,,2.0,לא צויין סוג ,2nd hand,1959.0,42.0,1.0,באר שבע|38006-154|99.0||2.0|לא צויין סוג|1959.0
parcel_unit_like,באר שבע,38035-60-510,"קנדל הנרי, באר שבע",קנדל הנרי,2002-02-04,1999-03-03,0.672,162.0,,15.0,לא צויין סוג ,2nd hand,2000.0,2.0,18.0,באר שבע|38035-60|162.0||15.0|לא צויין סוג|2000.0
parcel_unit_like,באר שבע,38006-116-30,"אהוד בן גרא, באר שבע",אהוד בן גרא,2002-02-24,1998-04-21;1998-06-03,0.5,116.0,,8.0,לא צויין סוג ,2nd hand,1960.0,42.0,1.0,באר שבע|38006-116|116.0||8.0|לא צויין סוג|1960.0
parcel_unit_like,באר שבע,38006-154-21,"נגבה, באר שבע",נגבה,2002-03-14,1999-03-24,0.433,60.0,,4.0,לא צויין סוג ,2nd hand,1959.0,43.0,1.0,באר שבע|38006-154|60.0||4.0|לא צויין סוג|1959.0
parcel_unit_like,באר שבע,38006-141-12,"ברק, באר שבע",ברק,2003-02-14,1998-11-18,0.495,104.0,,3.0,לא צויין סוג ,2nd hand,1960.0,43.0,1.0,באר שבע|38006-141|104.0||3.0|לא צויין סוג|1960.0
parcel_unit_like,באר שבע,38035-60-447,"קנדל הנרי, באר שבע",קנדל הנרי,2003-06-26,1998-12-27,0.63,160.0,,15.0,לא צויין סוג ,2nd hand,2000.0,3.0,18.0,באר שבע|38035-60|160.0||15.0|לא צויין סוג|2000.0
parcel_unit_like,באר שבע,38006-154-17,"נגבה, באר שבע",נגבה,2003-10-15,1999-02-22,0.429,70.0,,2.0,לא צויין סוג ,2nd hand,1959.0,44.0,1.0,באר שבע|38006-154|70.0||2.0|לא צויין סוג|1959.0
parcel_unit_like,באר שבע,38366-7-1,"הרב שושנה, באר שבע",הרב שושנה,2010-12-08,2004-12-30,1.585,153.0,,0.0,קוטג' חד משפחתי,2nd hand,2002.0,8.0,,באר שבע|38366-7|153.0||0.0|קוטג' חד משפחתי|2002.0
parcel_unit_like,באר שבע,38366-7-4,"הרב שושנה, באר שבע",הרב שושנה,2015-06-10,2004-12-30,1.88,153.0,,0.0,קוטג' חד משפחתי,2nd hand,2002.0,13.0,,באר שבע|38366-7|153.0||0.0|קוטג' חד משפחתי|2002.0
parcel_unit_like,באר שבע,38018-52-25,"פריאר רחה, באר שבע",פריאר רחה,2016-11-08,2016-11-17,2.124,232.0,,7.0,משרד,New Project,2019.0,-3.0,8.0,באר שבע|38018-52|232.0||7.0|משרד|2019.0
parcel_unit_like,באר שבע,38018-52-26,"פריאר רחה, באר שבע",פריאר רחה,2016-11-10,2017-06-12,1.91,170.0,,6.0,משרד,New Project,2019.0,-3.0,8.0,באר שבע|38018-52|170.0||6.0|משרד|2019.0
parcel_unit_like,באר שבע,38018-52-80,"פריאר רחה, באר שבע",פריאר רחה,2018-04-22,2018-01-02,2.497248,232.0,,14.0,משרד,New Project,2019.0,-1.0,8.0,באר שבע|38018-52|232.0||14.0|משרד|2019.0
parcel_unit_like,באר שבע,38018-52-85,"פריאר רחה, באר שבע",פריאר רחה,2018-12-20,2017-07-04;2017-09-07,2.497248,232.0,,9.0,משרד,New Project,2019.0,-1.0,8.0,באר שבע|38018-52|232.0||9.0|משרד|2019.0
parcel_unit_like,באר שבע,38025-9-2,"אחד העם, באר שבע",אחד העם,2019-05-21,2004-06-29,0.72,48.0,,1.0,דירה בבית קומות,2nd hand,1950.0,69.0,3.0,באר שבע|38025-9|48.0||1.0|דירה בבית קומות|1950.0
parcel_unit_like,באר שבע,38018-52-188,"פריאר רחה, באר שבע",פריאר רחה,2019-11-19,2019-05-03,0.629694,46.0,,17.0,משרד,New Project,2019.0,0.0,8.0,באר שבע|38018-52|46.0||17.0|משרד|2019.0
parcel_unit_like,באר שבע,38025-9-5,"אחד העם, באר שבע",אחד העם,2020-01-05,2004-06-29,0.71,48.0,,1.0,דירה בבית קומות,2nd hand,1950.0,70.0,3.0,באר שבע|38025-9|48.0||1.0|דירה בבית קומות|1950.0
parcel_unit_like,באר שבע,38018-52-168,"פריאר רחה, באר שבע",פריאר רחה,2021-02-01,2019-08-13,2.120508,197.0,,8.0,משרד,2nd hand,2019.0,2.0,8.0,באר שבע|38018-52|197.0||8.0|משרד|2019.0
parcel_unit_like,באר שבע,38018-52-165,"פריאר רחה, באר שבע",פריאר רחה,2021-04-06,2017-05-29,2.272433,197.0,,7.0,משרד,2nd hand,2019.0,2.0,8.0,באר שבע|38018-52|197.0||7.0|משרד|2019.0
parcel_unit_like,באר שבע,38018-52-164,"פריאר רחה, באר שבע",פריאר רחה,2021-04-11,2020-03-05,1.60758,104.0,,17.0,משרד,2nd hand,2019.0,2.0,8.0,באר שבע|38018-52|104.0||17.0|משרד|2019.0
parcel_unit_like,באר שבע,38025-9-6,"אחד העם, באר שבע",אחד העם,2021-09-19,2004-06-29,0.751,48.0,,1.0,דירה בבית קומות,2nd hand,1950.0,71.0,3.0,באר שבע|38025-9|48.0||1.0|דירה בבית קומות|1950.0
parcel_unit_like,באר שבע,38018-52-140,"פריאר רחה, באר שבע",פריאר רחה,2021-09-30,2017-10-17;2017-12-17,2.218,170.0,,16.0,משרד,2nd hand,2019.0,2.0,8.0,באר שבע|38018-52|170.0||16.0|משרד|2019.0
parcel_unit_like,באר שבע,38018-52-143,"פריאר רחה, באר שבע",פריאר רחה,2021-11-09,2017-10-16,2.505,232.0,,6.0,משרד,2nd hand,2019.0,2.0,8.0,באר שבע|38018-52|232.0||6.0|משרד|2019.0
parcel_unit_like,באר שבע,38018-52-144,"פריאר רחה, באר שבע",פריאר רחה,2022-01-27,2017-09-24,2.364,197.0,,15.0,משרד,2nd hand,2019.0,3.0,8.0,באר שבע|38018-52|197.0||15.0|משרד|2019.0
parcel_unit_like,באר שבע,38018-52-146,"פריאר רחה, באר שבע",פריאר רחה,2023-06-21,2019-04-17;2020-01-27,1.0,80.0,,17.0,משרד,2nd hand,2019.0,4.0,8.0,באר שבע|38018-52|80.0||17.0|משרד|2019.0
parcel_unit_like,באר שבע,38072-21-6,"אברהם אבינו, באר שבע",אברהם אבינו,2023-07-21,2003-08-08,0.875,66.25,,3.0,דירה בבית קומות,2nd hand,1960.0,63.0,4.0,באר שבע|38072-21|66.25||3.0|דירה בבית קומות|1960.0
parcel_unit_like,באר שבע,38072-21-13,"אברהם אבינו, באר שבע",אברהם אבינו,2023-08-01,2003-08-08,0.835,66.25,,3.0,דירה בבית קומות,2nd hand,1960.0,63.0,4.0,באר שבע|38072-21|66.25||3.0|דירה בבית קומות|1960.0
parcel_unit_like,באר שבע,38366-7-6,"הרב שושנה, באר שבע",הרב שושנה,2024-02-29,2004-12-30,2.535,153.0,,0.0,קוטג' חד משפחתי,2nd hand,2002.0,22.0,,באר שבע|38366-7|153.0||0.0|קוטג' חד משפחתי|2002.0
parcel_unit_like,בית שמש,5240-2-38,"בן גוריון פולה, בית שמש",בן גוריון פולה,2000-11-23,1998-01-17,0.436,100.0,,1.0,לא צויין סוג ,2nd hand,1980.0,20.0,1.0,בית שמש|5240-2|100.0||1.0|לא צויין סוג|1980.0
parcel_unit_like,בית שמש,34278-36-63,"נחל ניצנים, בית שמש",נחל ניצנים,2000-11-26,1999-12-30,0.398,75.0,,3.0,לא צויין סוג ,New Project,2000.0,0.0,2.0,בית שמש|34278-36|75.0||3.0|לא צויין סוג|2000.0
parcel_unit_like,בית שמש,5240-2-28,"בן גוריון פולה, בית שמש",בן גוריון פולה,2002-07-04,1998-01-17,0.477,100.0,,1.0,לא צויין סוג ,2nd hand,1980.0,22.0,1.0,בית שמש|5240-2|100.0||1.0|לא צויין סוג|1980.0
parcel_unit_like,בית שמש,5219-21-13,"הנרקיס, בית שמש",הנרקיס,2008-03-01,2003-10-21,0.39,78.0,,2.0,דירה בבית קומות,2nd hand,1970.0,38.0,3.0,בית שמש|5219-21|78.0||2.0|דירה בבית קומות|1970.0
parcel_unit_like,בני ברק,6192-1030-14,"הרב סורוצקין, בני ברק",הרב סורוצקין,1998-06-09,1999-11-22,0.531,71.5,,4.0,לא צויין סוג ,2nd hand,1970.0,28.0,4.0,בני ברק|6192-1030|71.5||4.0|לא צויין סוג|1970.0
parcel_unit_like,בני ברק,6196-237-4,"הרב יוסף חיים, בני ברק",הרב יוסף חיים,1999-12-22,1998-01-29,0.626,60.2,,1.0,לא צויין סוג ,2nd hand,1960.0,39.0,1.0,בני ברק|6196-237|60.2||1.0|לא צויין סוג|1960.0
parcel_unit_like,בני ברק,6190-823-10,"דון יוסף הנשיא, בני ברק",דון יוסף הנשיא,2007-12-04,2020-01-14,0.576,37.0,,2.0,דירה בבית קומות,2nd hand,1960.0,47.0,4.0,בני ברק|6190-823|37.0||2.0|דירה בבית קומות|1960.0
parcel_unit_like,בני ברק,6190-823-11,"דון יוסף הנשיא, בני ברק",דון יוסף הנשיא,2013-02-28,2020-01-14,1.08,37.0,,2.0,דירה בבית קומות,2nd hand,1960.0,53.0,4.0,בני ברק|6190-823|37.0||2.0|דירה בבית קומות|1960.0
parcel_unit_like,בני ברק,6192-761-2,"קלישר, בני ברק",קלישר,2013-12-29,2014-04-29,0.58,20.32,,0.0,דירה בבית קומות,2nd hand,1960.0,53.0,1.0,בני ברק|6192-761|20.32||0.0|דירה בבית קומות|1960.0
parcel_unit_like,בני ברק,6192-761-2,"קלישר, בני ברק",קלישר,2013-12-29,2014-04-29,0.58,20.32,,0.0,דירה בבית קומות,2nd hand,1960.0,53.0,1.0,בני ברק|6192-761|20.32||0.0|דירה בבית קומות|1960.0
parcel_unit_like,בני ברק,6190-823-7,"דון יוסף הנשיא, בני ברק",דון יוסף הנשיא,2015-10-22,2020-01-14,1.47,37.0,,2.0,דירה בבית קומות,2nd hand,1960.0,55.0,4.0,בני ברק|6190-823|37.0||2.0|דירה בבית קומות|1960.0
parcel_unit_like,בני ברק,6190-823-9,"דון יוסף הנשיא, בני ברק",דון יוסף הנשיא,2021-01-10,2020-01-14,0.598,37.0,,2.0,דירה בבית קומות,2nd hand,1960.0,61.0,4.0,בני ברק|6190-823|37.0||2.0|דירה בבית קומות|1960.0
parcel_unit_like,בת ים,7120-135-480,"בן גוריון, בת ים",בן גוריון,1998-07-12,2001-08-22,0.361,50.0,,11.0,לא צויין סוג ,2nd hand,1970.0,28.0,17.0,בת ים|7120-135|50.0||11.0|לא צויין סוג|1970.0
parcel_unit_like,בת ים,7120-135-480,"בן גוריון, בת ים",בן גוריון,1998-07-12,2001-08-22,0.361,50.0,,11.0,לא צויין סוג ,2nd hand,1970.0,28.0,17.0,בת ים|7120-135|50.0||11.0|לא צויין סוג|1970.0
parcel_unit_like,בת ים,7120-135-479,"בן גוריון, בת ים",בן גוריון,1998-07-29,2001-08-22,0.501,50.0,,11.0,לא צויין סוג ,2nd hand,1970.0,28.0,17.0,בת ים|7120-135|50.0||11.0|לא צויין סוג|1970.0
parcel_unit_like,בת ים,7120-135-479,"בן גוריון, בת ים",בן גוריון,1998-07-29,2001-08-22,0.501,50.0,,11.0,לא צויין סוג ,2nd hand,1970.0,28.0,17.0,בת ים|7120-135|50.0||11.0|לא צויין סוג|1970.0
parcel_unit_like,בת ים,7131-160-2,"אילת, בת ים",אילת,2012-11-26,2004-02-08,0.62,40.9,,1.0,דירה בבית קומות,2nd hand,1960.0,52.0,3.0,בת ים|7131-160|40.9||1.0|דירה בבית קומות|1960.0
parcel_unit_like,בת ים,7131-160-2,"אילת, בת ים",אילת,2012-11-26,2004-02-08,0.62,40.9,,1.0,דירה בבית קומות,2nd hand,1960.0,52.0,3.0,בת ים|7131-160|40.9||1.0|דירה בבית קומות|1960.0
parcel_unit_like,בת ים,7131-160-14,"אילת, בת ים",אילת,2013-07-07,2004-02-08,0.749,40.9,,1.0,דירה בבית קומות,2nd hand,1960.0,53.0,3.0,בת ים|7131-160|40.9||1.0|דירה בבית קומות|1960.0
parcel_unit_like,בת ים,7131-160-14,"אילת, בת ים",אילת,2013-07-07,2004-02-08,0.749,40.9,,1.0,דירה בבית קומות,2nd hand,1960.0,53.0,3.0,בת ים|7131-160|40.9||1.0|דירה בבית קומות|1960.0
parcel_unit_like,הרצלייה,6527-220-14,"אבן שפרוט, הרצלייה",אבן שפרוט,1999-01-21,2000-07-05,0.13,23.0,,1.0,לא צויין סוג ,2nd hand,1960.0,39.0,3.0,הרצלייה|6527-220|23.0||1.0|לא צויין סוג|1960.0
parcel_unit_like,הרצלייה,6535-160-7,"הראובני, הרצלייה",הראובני,1999-03-28,1998-09-29,1.034,95.5,,4.0,לא צויין סוג ,2nd hand,1998.0,1.0,4.0,הרצלייה|6535-160|95.5||4.0|לא צויין סוג|1998.0
parcel_unit_like,הרצלייה,6536-712-2,"אלוף אלון יגאל, הרצלייה",אלוף אלון יגאל,2001-07-31,1999-03-25,1.055,97.0,,1.0,לא צויין סוג ,2nd hand,1998.0,3.0,4.0,הרצלייה|6536-712|97.0||1.0|לא צויין סוג|1998.0
parcel_unit_like,הרצלייה,6533-299-94,"סוקולוב, הרצלייה",סוקולוב,2010-01-03,2007-01-15,1.6,72.5,,16.0,דירה בבית קומות,2nd hand,2007.0,3.0,17.0,הרצלייה|6533-299|72.5||16.0|דירה בבית קומות|2007.0
parcel_unit_like,הרצלייה,6516-10-96,"העוגן, הרצלייה",העוגן,2010-09-26,2010-05-16,1.76,50.0,,5.0,מלונאות,New Project,2010.0,0.0,7.0,הרצלייה|6516-10|50.0||5.0|מלונאות|2010.0
parcel_unit_like,הרצלייה,6516-10-96,"העוגן, הרצלייה",העוגן,2010-09-26,2010-05-16,1.76,50.0,,5.0,מלונאות,New Project,2010.0,0.0,7.0,הרצלייה|6516-10|50.0||5.0|מלונאות|2010.0
parcel_unit_like,הרצלייה,6668-1350-7,"קדושי השואה, הרצלייה",קדושי השואה,2023-08-14,2014-07-17,2.034,31.78,,0.0,חנות,2nd hand,1970.0,53.0,9.0,הרצלייה|6668-1350|31.78||0.0|חנות|1970.0
parcel_unit_like,הרצלייה,7291-258-9,"בר כוכבא, הרצלייה",בר כוכבא,2024-04-11,2024-03-22;2024-03-31,0.135,,,1.0,משרד,New Project,2024.0,0.0,,הרצלייה|7291-258|||1.0|משרד|2024.0
parcel_unit_like,הרצלייה,7291-258-9,"בר כוכבא, הרצלייה",בר כוכבא,2024-04-11,2024-03-22;2024-03-31,0.135,,,1.0,משרד,New Project,2024.0,0.0,,הרצלייה|7291-258|||1.0|משרד|2024.0
parcel_unit_like,חדרה,10037-513-28,"רבין יצחק, חדרה",רבין יצחק,2000-05-04,1999-12-29,0.542,83.0,,0.0,לא צויין סוג ,2nd hand,1999.0,1.0,8.0,חדרה|10037-513|83.0||0.0|לא צויין סוג|1999.0
parcel_unit_like,חדרה,10031-17-406,"ניצנים, חדרה",ניצנים,2003-03-10,1998-05-20,0.436,100.0,,9.0,לא צויין סוג ,New Project,2018.0,-15.0,12.0,חדרה|10031-17|100.0||9.0|לא צויין סוג|2018.0
parcel_unit_like,חולון,6869-122-41,"מוטה גור, חולון",מוטה גור,2004-12-28,2003-11-26,1.755,140.59,,11.0,דירה בבית קומות,New Project,2004.0,0.0,12.0,חולון|6869-122|140.59||11.0|דירה בבית קומות|2004.0
parcel_unit_like,חיפה,10817-29-2,"החי""ל, חיפה","החי""ל",1998-03-18,1998-05-20;1998-06-08,0.555,75.0,,5.0,לא צויין סוג ,2nd hand,1997.0,1.0,7.0,חיפה|10817-29|75.0||5.0|לא צויין סוג|1997.0
parcel_unit_like,חיפה,11195-69-17,"הסחלב, חיפה",הסחלב,1998-05-29,1999-03-16,0.899,100.0,,2.0,לא צויין סוג ,New Project,1998.0,0.0,2.0,חיפה|11195-69|100.0||2.0|לא צויין סוג|1998.0
parcel_unit_like,חיפה,10817-29-7,"החי""ל, חיפה","החי""ל",1999-12-19,1999-01-04;1999-08-17,0.609,80.0,,6.0,לא צויין סוג ,2nd hand,1997.0,2.0,7.0,חיפה|10817-29|80.0||6.0|לא צויין סוג|1997.0
parcel_unit_like,חיפה,10756-91-23,"מור, חיפה",מור,2000-10-26,2002-04-08;2003-06-04,1.11,130.25,,5.0,לא צויין סוג ,New Project,2002.0,-2.0,5.0,חיפה|10756-91|130.25||5.0|לא צויין סוג|2002.0
parcel_unit_like,חיפה,10756-91-19,"מור, חיפה",מור,2001-01-21,2002-05-01;2002-05-16,0.767,95.73,,3.0,לא צויין סוג ,New Project,2002.0,-1.0,5.0,חיפה|10756-91|95.73||3.0|לא צויין סוג|2002.0
parcel_unit_like,חיפה,10756-91-12,"מור, חיפה",מור,2002-02-19,2002-04-08;2003-06-04,0.988,130.25,,5.0,לא צויין סוג ,New Project,2002.0,0.0,5.0,חיפה|10756-91|130.25||5.0|לא צויין סוג|2002.0
parcel_unit_like,חיפה,11195-75-2,"אמנון ותמר, חיפה",אמנון ותמר,2002-09-02,1998-09-08,0.89,82.0,,3.0,לא צויין סוג ,2nd hand,1998.0,4.0,3.0,חיפה|11195-75|82.0||3.0|לא צויין סוג|1998.0
parcel_unit_like,חיפה,11196-130-241,"חלמיש, חיפה",חלמיש,2003-04-14,2003-04-24,0.988,115.0,,8.0,לא צויין סוג ,New Project,2008.0,-5.0,16.0,חיפה|11196-130|115.0||8.0|לא צויין סוג|2008.0
parcel_unit_like,חיפה,11196-130-241,"חלמיש, חיפה",חלמיש,2003-04-14,2003-04-24,0.988,115.0,,8.0,לא צויין סוג ,New Project,2008.0,-5.0,16.0,חיפה|11196-130|115.0||8.0|לא צויין סוג|2008.0
parcel_unit_like,חיפה,11720-64-98,"יד לבנים, חיפה",יד לבנים,2012-04-24,2003-07-27,0.62,71.0,,15.0,דירה בבית קומות,2nd hand,1999.0,13.0,9.0,חיפה|11720-64|71.0||15.0|דירה בבית קומות|1999.0
parcel_unit_like,ירושלים,30092-2-4,"בית לחם, ירושלים",בית לחם,2000-03-21,1999-05-11,0.386,48.2,,1.0,לא צויין סוג ,2nd hand,1960.0,40.0,4.0,ירושלים|30092-2|48.2||1.0|לא צויין סוג|1960.0
parcel_unit_like,ירושלים,30338-231-48,"קול משה, ירושלים",קול משה,2000-04-24,1999-04-19,0.907,72.4,,2.0,לא צויין סוג ,New Project,2001.0,-1.0,8.0,ירושלים|30338-231|72.4||2.0|לא צויין סוג|2001.0
parcel_unit_like,ירושלים,30092-2-29,"בית לחם, ירושלים",בית לחם,2000-06-29,1999-05-11,0.079,48.2,,1.0,לא צויין סוג ,2nd hand,1960.0,40.0,4.0,ירושלים|30092-2|48.2||1.0|לא צויין סוג|1960.0
parcel_unit_like,ירושלים,30338-231-53,"קול משה, ירושלים",קול משה,2000-09-13,1998-07-28;1999-08-12,1.36,95.7,,4.0,לא צויין סוג ,New Project,2001.0,-1.0,8.0,ירושלים|30338-231|95.7||4.0|לא צויין סוג|2001.0
parcel_unit_like,ירושלים,30338-231-43,"קול משה, ירושלים",קול משה,2000-10-25,1998-07-28;1999-08-12,1.39,95.7,,4.0,לא צויין סוג ,New Project,2001.0,-1.0,8.0,ירושלים|30338-231|95.7||4.0|לא צויין סוג|2001.0
parcel_unit_like,ירושלים,30092-6-73,"חברון, ירושלים",חברון,2002-02-19,2001-12-25,0.238,59.0,,4.0,לא צויין סוג ,2nd hand,1960.0,42.0,4.0,ירושלים|30092-6|59.0||4.0|לא צויין סוג|1960.0
parcel_unit_like,ירושלים,30424-25-1,"הרב שמואל נתן, ירושלים",הרב שמואל נתן,2002-10-31,1999-03-21,1.477,122.2,,0.0,לא צויין סוג ,2nd hand,1997.0,5.0,2.0,ירושלים|30424-25|122.2||0.0|לא צויין סוג|1997.0
parcel_unit_like,כפר סבא,6435-210-20,"יציאת אירופה, כפר סבא",יציאת אירופה,2000-10-08,2000-06-06,0.83,91.4,,5.0,לא צויין סוג ,2nd hand,1999.0,1.0,7.0,כפר סבא|6435-210|91.4||5.0|לא צויין סוג|1999.0
parcel_unit_like,כפר סבא,6435-210-20,"יציאת אירופה, כפר סבא",יציאת אירופה,2000-10-08,2000-06-06,0.83,91.4,,5.0,לא צויין סוג ,2nd hand,1999.0,1.0,7.0,כפר סבא|6435-210|91.4||5.0|לא צויין סוג|1999.0
parcel_unit_like,כפר סבא,6435-210-21,"יציאת אירופה, כפר סבא",יציאת אירופה,2001-04-29,2001-03-21,0.83,91.4,,6.0,לא צויין סוג ,2nd hand,1999.0,2.0,7.0,כפר סבא|6435-210|91.4||6.0|לא צויין סוג|1999.0
parcel_unit_like,כפר סבא,6435-210-21,"יציאת אירופה, כפר סבא",יציאת אירופה,2001-04-29,2001-03-21,0.83,91.4,,6.0,לא צויין סוג ,2nd hand,1999.0,2.0,7.0,כפר סבא|6435-210|91.4||6.0|לא צויין סוג|1999.0
parcel_unit_like,כפר סבא,7606-115-13,"בקעת בית נטופה, כפר סבא",בקעת בית נטופה,2001-05-15,2001-01-08,0.928,96.0,,0.0,לא צויין סוג ,2nd hand,2000.0,1.0,,כפר סבא|7606-115|96.0||0.0|לא צויין סוג|2000.0
parcel_unit_like,כפר סבא,6435-210-19,"יציאת אירופה, כפר סבא",יציאת אירופה,2001-07-31,2001-06-01,0.906,105.4,,5.0,לא צויין סוג ,2nd hand,1999.0,2.0,7.0,כפר סבא|6435-210|105.4||5.0|לא צויין סוג|1999.0
parcel_unit_like,כפר סבא,6435-210-19,"יציאת אירופה, כפר סבא",יציאת אירופה,2001-07-31,2001-06-01,0.906,105.4,,5.0,לא צויין סוג ,2nd hand,1999.0,2.0,7.0,כפר סבא|6435-210|105.4||5.0|לא צויין סוג|1999.0
parcel_unit_like,כפר סבא,6434-303-2,"הר צין, כפר סבא",הר צין,2001-09-07,2001-11-08,1.569,156.42,,0.0,לא צויין סוג ,New Project,2001.0,0.0,,כפר סבא|6434-303|156.42||0.0|לא צויין סוג|2001.0
parcel_unit_like,כפר סבא,6435-210-2,"יציאת אירופה, כפר סבא",יציאת אירופה,2001-10-22,2000-04-09,0.884,105.4,,1.0,לא צויין סוג ,2nd hand,1999.0,2.0,7.0,כפר סבא|6435-210|105.4||1.0|לא צויין סוג|1999.0
parcel_unit_like,כפר סבא,6435-210-2,"יציאת אירופה, כפר סבא",יציאת אירופה,2001-10-22,2000-04-09,0.884,105.4,,1.0,לא צויין סוג ,2nd hand,1999.0,2.0,7.0,כפר סבא|6435-210|105.4||1.0|לא צויין סוג|1999.0
parcel_unit_like,כפר סבא,7618-166-4,"עמק חרוד, כפר סבא",עמק חרוד,2002-05-06,1998-09-16,0.823,78.67,,1.0,לא צויין סוג ,2nd hand,1998.0,4.0,4.0,כפר סבא|7618-166|78.67||1.0|לא צויין סוג|1998.0
parcel_unit_like,כפר סבא,7606-180-1,"בקעת הירח, כפר סבא",בקעת הירח,2002-10-10,2002-10-31,1.32,190.5,,0.0,לא צויין סוג ,New Project,2002.0,0.0,,כפר סבא|7606-180|190.5||0.0|לא צויין סוג|2002.0
parcel_unit_like,כפר סבא,7606-181-2,"בקעת הירח, כפר סבא",בקעת הירח,2002-11-21,2002-07-29,1.357,190.5,,0.0,לא צויין סוג ,New Project,2002.0,0.0,,כפר סבא|7606-181|190.5||0.0|לא צויין סוג|2002.0
parcel_unit_like,כפר סבא,7618-78-30,"עמק חורון, כפר סבא",עמק חורון,2005-11-01,2006-12-11,1.359,104.0,,3.0,דירה בבית קומות,New Project,2006.0,-1.0,3.0,כפר סבא|7618-78|104.0||3.0|דירה בבית קומות|2006.0
parcel_unit_like,כפר סבא,7618-319-1,"עמק עירון, כפר סבא",עמק עירון,2006-10-15,2006-12-10,1.367,106.7,,0.0,דירה בבית קומות,New Project,2007.0,-1.0,6.0,כפר סבא|7618-319|106.7||0.0|דירה בבית קומות|2007.0
parcel_unit_like,כפר סבא,7618-78-20,"עמק חורון, כפר סבא",עמק חורון,2020-06-23,2006-12-11,2.65,104.0,,3.0,דירה בבית קומות,2nd hand,2006.0,14.0,3.0,כפר סבא|7618-78|104.0||3.0|דירה בבית קומות|2006.0
parcel_unit_like,כפר סבא,7607-125-219,"התע""ש, כפר סבא","התע""ש",2024-06-09,2006-09-12;2010-08-05;2010-09-07;2012-05-22;2019-03-28;2020-12-10;2021-02-21;2023-05-10,0.257,,,3.0,משרד,2nd hand,1999.0,25.0,5.0,כפר סבא|7607-125|||3.0|משרד|1999.0
parcel_unit_like,כפר סבא,7607-125-219,"התע""ש, כפר סבא","התע""ש",2024-06-09,2006-09-12;2010-08-05;2010-09-07;2012-05-22;2019-03-28;2020-12-10;2021-02-21;2023-05-10,0.257,,,3.0,משרד,2nd hand,1999.0,25.0,5.0,כפר סבא|7607-125|||3.0|משרד|1999.0
parcel_unit_like,נתניה,8006-54-12,"הרב הרטום שמואל, נתניה",הרב הרטום שמואל,1999-09-17,2001-05-20,0.857,110.7,,0.0,לא צויין סוג ,New Project,1999.0,0.0,3.0,נתניה|8006-54|110.7||0.0|לא צויין סוג|1999.0
parcel_unit_like,נתניה,8242-11-7,"האר""י, נתניה","האר""י",1999-11-29,1998-03-09,0.782,44.5,,0.0,לא צויין סוג ,2nd hand,1993.0,6.0,2.0,נתניה|8242-11|44.5||0.0|לא צויין סוג|1993.0
parcel_unit_like,נתניה,8270-43-12,"דוד המלך, נתניה",דוד המלך,2000-08-28,1999-07-14,1.21,105.93,,4.0,לא צויין סוג ,2nd hand,1999.0,1.0,15.0,נתניה|8270-43|105.93||4.0|לא צויין סוג|1999.0
parcel_unit_like,נתניה,7932-586-11,"חטיבת הראל, נתניה",חטיבת הראל,2001-01-16,1999-12-20,0.987,168.16,,0.0,לא צויין סוג ,2nd hand,1994.0,7.0,2.0,נתניה|7932-586|168.16||0.0|לא צויין סוג|1994.0
parcel_unit_like,נתניה,7932-586-11,"חטיבת הראל, נתניה",חטיבת הראל,2001-01-16,1999-12-20,0.987,168.16,,0.0,לא צויין סוג ,2nd hand,1994.0,7.0,2.0,נתניה|7932-586|168.16||0.0|לא צויין סוג|1994.0
parcel_unit_like,נתניה,8270-43-45,"דוד המלך, נתניה",דוד המלך,2001-05-10,2000-02-18,1.015,77.93,,12.0,לא צויין סוג ,2nd hand,1999.0,2.0,15.0,נתניה|8270-43|77.93||12.0|לא צויין סוג|1999.0
parcel_unit_like,נתניה,8006-54-26,"יעל אשת חבר הקיני, נתניה",יעל אשת חבר הקיני,2001-09-07,1999-12-31,0.677,97.5,,1.0,לא צויין סוג ,2nd hand,1999.0,2.0,3.0,נתניה|8006-54|97.5||1.0|לא צויין סוג|1999.0
parcel_unit_like,נתניה,8006-54-26,"יעל אשת חבר הקיני, נתניה",יעל אשת חבר הקיני,2001-09-07,1999-12-31,0.677,97.5,,1.0,לא צויין סוג ,2nd hand,1999.0,2.0,3.0,נתניה|8006-54|97.5||1.0|לא צויין סוג|1999.0
parcel_unit_like,נתניה,8449-9-74,"הבריגדה היהודית, נתניה",הבריגדה היהודית,2001-09-28,1999-11-09,1.045,140.9,,12.0,לא צויין סוג ,2nd hand,1998.0,3.0,14.0,נתניה|8449-9|140.9||12.0|לא צויין סוג|1998.0
parcel_unit_like,נתניה,8006-54-28,"יעל אשת חבר הקיני, נתניה",יעל אשת חבר הקיני,2001-11-27,1999-03-23,0.63,87.6,,1.0,לא צויין סוג ,2nd hand,1999.0,2.0,3.0,נתניה|8006-54|87.6||1.0|לא צויין סוג|1999.0
parcel_unit_like,נתניה,8006-54-28,"יעל אשת חבר הקיני, נתניה",יעל אשת חבר הקיני,2001-11-27,1999-03-23,0.63,87.6,,1.0,לא צויין סוג ,2nd hand,1999.0,2.0,3.0,נתניה|8006-54|87.6||1.0|לא צויין סוג|1999.0
parcel_unit_like,נתניה,7993-155-4,"תורמוס, נתניה",תורמוס,2001-12-19,1998-08-25;1998-11-23,1.546,174.25,,1.0,לא צויין סוג ,2nd hand,1997.0,4.0,,נתניה|7993-155|174.25||1.0|לא צויין סוג|1997.0
parcel_unit_like,נתניה,7993-156-4,"תורמוס, נתניה",תורמוס,2002-01-03,1999-04-27;1999-05-27;1999-06-22,1.578,174.25,,1.0,לא צויין סוג ,2nd hand,1999.0,3.0,,נתניה|7993-156|174.25||1.0|לא צויין סוג|1999.0
parcel_unit_like,נתניה,9901-43-38,"שפיגלמן אברהם, נתניה",שפיגלמן אברהם,2002-02-21,2002-05-12,0.544,79.3,,1.0,לא צויין סוג ,New Project,2002.0,0.0,8.0,נתניה|9901-43|79.3||1.0|לא צויין סוג|2002.0
parcel_unit_like,נתניה,9901-40-48,"הר מירון, נתניה",הר מירון,2002-02-27,2002-04-15,0.652,100.0,,1.0,לא צויין סוג ,2nd hand,2001.0,1.0,6.0,נתניה|9901-40|100.0||1.0|לא צויין סוג|2001.0
parcel_unit_like,נתניה,9901-40-47,"הר מירון, נתניה",הר מירון,2002-03-04,2002-04-15,0.644,100.0,,1.0,לא צויין סוג ,2nd hand,2001.0,1.0,6.0,נתניה|9901-40|100.0||1.0|לא צויין סוג|2001.0
parcel_unit_like,נתניה,8270-43-43,"דוד המלך, נתניה",דוד המלך,2002-04-08,2000-04-30,1.2,105.93,,12.0,לא צויין סוג ,2nd hand,1999.0,3.0,15.0,נתניה|8270-43|105.93||12.0|לא צויין סוג|1999.0
parcel_unit_like,נתניה,8270-43-4,"דוד המלך, נתניה",דוד המלך,2002-08-20,2000-03-08,1.017,105.93,,2.0,לא צויין סוג ,2nd hand,1999.0,3.0,15.0,נתניה|8270-43|105.93||2.0|לא צויין סוג|1999.0
parcel_unit_like,נתניה,8270-43-52,"דוד המלך, נתניה",דוד המלך,2002-08-29,2003-05-12,1.166,106.28,,14.0,לא צויין סוג ,2nd hand,1999.0,3.0,15.0,נתניה|8270-43|106.28||14.0|לא צויין סוג|1999.0
parcel_unit_like,נתניה,8270-43-13,"דוד המלך, נתניה",דוד המלך,2003-11-04,1999-09-02,0.992,77.94,,4.0,לא צויין סוג ,2nd hand,1999.0,4.0,15.0,נתניה|8270-43|77.94||4.0|לא צויין סוג|1999.0
parcel_unit_like,נתניה,8247-191-37,"מרשל פייר קניג, נתניה",מרשל פייר קניג,2005-09-18,2005-05-27,1.676,130.0,,6.0,דירה בבית קומות,New Project,2005.0,0.0,16.0,נתניה|8247-191|130.0||6.0|דירה בבית קומות|2005.0
parcel_unit_like,נתניה,9904-30-22,"דגניה, נתניה",דגניה,2006-08-29,2006-12-31,0.914,110.25,,6.0,דירה בבית קומות,New Project,2007.0,-1.0,7.0,נתניה|9904-30|110.25||6.0|דירה בבית קומות|2007.0
parcel_unit_like,נתניה,9901-11-1,"הגולן, נתניה",הגולן,2006-10-02,2006-12-14,0.903,107.95,,0.0,דירה בבית קומות,New Project,2007.0,-1.0,6.0,נתניה|9901-11|107.95||0.0|דירה בבית קומות|2007.0
parcel_unit_like,נתניה,9901-11-14,"הגולן, נתניה",הגולן,2007-03-07,2006-12-28,0.835,117.58,,4.0,דירה בבית קומות,New Project,2007.0,0.0,6.0,נתניה|9901-11|117.58||4.0|דירה בבית קומות|2007.0
parcel_unit_like,נתניה,9901-11-26,"החרמון, נתניה",החרמון,2007-06-03,2006-12-14,0.97,107.95,,0.0,דירה בבית קומות,New Project,2007.0,0.0,6.0,נתניה|9901-11|107.95||0.0|דירה בבית קומות|2007.0
parcel_unit_like,נתניה,9901-11-39,"החרמון, נתניה",החרמון,2007-08-29,2006-12-28,0.9,117.58,,4.0,דירה בבית קומות,New Project,2007.0,0.0,6.0,נתניה|9901-11|117.58||4.0|דירה בבית קומות|2007.0
parcel_unit_like,נתניה,9901-11-40,"החרמון, נתניה",החרמון,2008-01-28,2006-12-28,0.93,117.58,,4.0,דירה בבית קומות,2nd hand,2007.0,1.0,6.0,נתניה|9901-11|117.58||4.0|דירה בבית קומות|2007.0
parcel_unit_like,נתניה,8269-177-38,"שמואל הנציב, נתניה",שמואל הנציב,2010-04-16,2005-11-06,0.68,64.9,,3.0,דירה בבית קומות,2nd hand,1960.0,50.0,3.0,נתניה|8269-177|64.9||3.0|דירה בבית קומות|1960.0
parcel_unit_like,נתניה,9904-54-47,"יוסף, נתניה",יוסף,2010-12-15,2003-01-13,1.36,95.6,,5.0,דירה בבית קומות,2nd hand,2003.0,7.0,6.0,נתניה|9904-54|95.6||5.0|דירה בבית קומות|2003.0
parcel_unit_like,נתניה,9904-54-47,"יוסף, נתניה",יוסף,2010-12-15,2003-01-13,1.36,95.6,,5.0,דירה בבית קומות,2nd hand,2003.0,7.0,6.0,נתניה|9904-54|95.6||5.0|דירה בבית קומות|2003.0
parcel_unit_like,נתניה,8276-17-2,"הורדים, נתניה",הורדים,2018-12-05,2004-03-14,3.0,131.9,,0.0,דירה בבית קומות,2nd hand,1972.0,46.0,1.0,נתניה|8276-17|131.9||0.0|דירה בבית קומות|1972.0
parcel_unit_like,נתניה,8266-58-45,"הרצל, נתניה",הרצל,2020-10-15,2021-03-08,0.4,24.5,,6.0,משרד,2nd hand,1970.0,50.0,8.0,נתניה|8266-58|24.5||6.0|משרד|1970.0
parcel_unit_like,נתניה,8266-58-45,"הרצל, נתניה",הרצל,2020-10-15,2021-03-08,0.4,24.5,,6.0,משרד,2nd hand,1970.0,50.0,8.0,נתניה|8266-58|24.5||6.0|משרד|1970.0
parcel_unit_like,נתניה,9086-21-7,"לנטוס טום, נתניה",לנטוס טום,2021-07-07,2022-03-09,0.943361,54.0,,4.0,משרד,New Project,2021.0,0.0,2.0,נתניה|9086-21|54.0||4.0|משרד|2021.0
parcel_unit_like,פתח תקווה,6386-264-33,"רוטשילד, פתח תקווה",רוטשילד,1998-10-26,1998-10-14,0.886,101.2,,8.0,לא צויין סוג ,New Project,1999.0,-1.0,9.0,פתח תקווה|6386-264|101.2||8.0|לא צויין סוג|1999.0
parcel_unit_like,פתח תקווה,6386-264-51,"כץ מיכל לייב, פתח תקווה",כץ מיכל לייב,1998-10-26,1998-10-16,0.837,101.2,,4.0,לא צויין סוג ,New Project,1999.0,-1.0,9.0,פתח תקווה|6386-264|101.2||4.0|לא צויין סוג|1999.0
parcel_unit_like,פתח תקווה,6386-264-59,"כץ מיכל לייב, פתח תקווה",כץ מיכל לייב,1998-11-08,1998-10-18,0.855,101.2,,6.0,לא צויין סוג ,New Project,1999.0,-1.0,9.0,פתח תקווה|6386-264|101.2||6.0|לא צויין סוג|1999.0
parcel_unit_like,פתח תקווה,6386-264-40,"כץ מיכל לייב, פתח תקווה",כץ מיכל לייב,1999-01-15,1998-12-31,0.875,101.1,,1.0,לא צויין סוג ,New Project,1999.0,0.0,9.0,פתח תקווה|6386-264|101.1||1.0|לא צויין סוג|1999.0
parcel_unit_like,פתח תקווה,6361-444-156,"המכבים, פתח תקווה",המכבים,1999-02-28,1998-06-08,0.667,70.9,,9.0,לא צויין סוג ,2nd hand,1998.0,1.0,17.0,פתח תקווה|6361-444|70.9||9.0|לא צויין סוג|1998.0
parcel_unit_like,פתח תקווה,6361-444-182,"המכבים, פתח תקווה",המכבים,1999-05-04,1999-04-29,0.685,70.9,,13.0,לא צויין סוג ,2nd hand,1998.0,1.0,17.0,פתח תקווה|6361-444|70.9||13.0|לא צויין סוג|1998.0
parcel_unit_like,פתח תקווה,7194-73-27,"חדרה, פתח תקווה",חדרה,2000-08-15,1998-09-13;1998-09-14;1998-11-03;1998-11-22,0.711,83.35,,3.0,לא צויין סוג ,2nd hand,1999.0,1.0,4.0,פתח תקווה|7194-73|83.35||3.0|לא צויין סוג|1999.0
parcel_unit_like,פתח תקווה,7194-73-24,"חדרה, פתח תקווה",חדרה,2000-09-01,1998-04-02;1998-10-06;1998-10-29;1998-11-16,0.706,83.35,,2.0,לא צויין סוג ,2nd hand,1999.0,1.0,4.0,פתח תקווה|7194-73|83.35||2.0|לא צויין סוג|1999.0
parcel_unit_like,פתח תקווה,6399-290-93,"שלומציון המלכה, פתח תקווה",שלומציון המלכה,2001-06-19,2000-04-10,0.719,98.2,,7.0,לא צויין סוג ,2nd hand,1995.0,6.0,8.0,פתח תקווה|6399-290|98.2||7.0|לא צויין סוג|1995.0
parcel_unit_like,פתח תקווה,7194-73-81,"חדרה, פתח תקווה",חדרה,2001-08-01,1998-04-14;1998-05-18;1998-08-30;1999-02-02,0.707,83.35,,1.0,לא צויין סוג ,2nd hand,1999.0,2.0,4.0,פתח תקווה|7194-73|83.35||1.0|לא צויין סוג|1999.0
parcel_unit_like,פתח תקווה,7194-73-61,"חדרה, פתח תקווה",חדרה,2001-11-01,1998-07-27;1998-11-08;1999-01-17,0.748,75.94,,4.0,לא צויין סוג ,2nd hand,1999.0,2.0,4.0,פתח תקווה|7194-73|75.94||4.0|לא צויין סוג|1999.0
parcel_unit_like,פתח תקווה,7194-73-45,"חדרה, פתח תקווה",חדרה,2001-12-19,1998-07-27;1998-11-08;1999-01-17,0.754,75.94,,4.0,לא צויין סוג ,2nd hand,1999.0,2.0,4.0,פתח תקווה|7194-73|75.94||4.0|לא צויין סוג|1999.0
parcel_unit_like,פתח תקווה,7194-73-29,"חדרה, פתח תקווה",חדרה,2002-04-23,1998-04-15;1999-01-14,0.938,90.41,,4.0,לא צויין סוג ,2nd hand,1999.0,3.0,4.0,פתח תקווה|7194-73|90.41||4.0|לא צויין סוג|1999.0
parcel_unit_like,פתח תקווה,6360-298-58,"סנה משה, פתח תקווה",סנה משה,2002-05-14,2001-11-20,0.783,75.9,,6.0,לא צויין סוג ,2nd hand,2000.0,2.0,9.0,פתח תקווה|6360-298|75.9||6.0|לא צויין סוג|2000.0
parcel_unit_like,פתח תקווה,7194-21-67,"גדרה, פתח תקווה",גדרה,2002-09-25,1998-05-21,1.156,93.5,,5.0,לא צויין סוג ,2nd hand,1998.0,4.0,5.0,פתח תקווה|7194-21|93.5||5.0|לא צויין סוג|1998.0
parcel_unit_like,ראשון לציון,5383-3-1,"מבצע דני, ראשון לציון",מבצע דני,1999-06-27,1998-10-21,1.692,174.68,,0.0,לא צויין סוג ,2nd hand,1997.0,2.0,,ראשון לציון|5383-3|174.68||0.0|לא צויין סוג|1997.0
parcel_unit_like,ראשון לציון,3926-590-2,"התאנה, ראשון לציון",התאנה,1999-12-19,1998-01-27,1.13,125.0,,1.0,לא צויין סוג ,2nd hand,1998.0,1.0,3.0,ראשון לציון|3926-590|125.0||1.0|לא צויין סוג|1998.0
parcel_unit_like,ראשון לציון,5038-9-24,"העסיס, ראשון לציון",העסיס,2000-02-22,1999-06-27,0.824,85.1,,6.0,לא צויין סוג ,2nd hand,1994.0,6.0,6.0,ראשון לציון|5038-9|85.1||6.0|לא צויין סוג|1994.0
parcel_unit_like,ראשון לציון,5038-9-24,"העסיס, ראשון לציון",העסיס,2000-02-22,1999-06-27,0.824,85.1,,6.0,לא צויין סוג ,2nd hand,1994.0,6.0,6.0,ראשון לציון|5038-9|85.1||6.0|לא צויין סוג|1994.0
parcel_unit_like,ראשון לציון,4746-35-9,"גרניט, ראשון לציון",גרניט,2000-07-10,1998-11-05;1999-05-16,1.129,153.38,,0.0,לא צויין סוג ,2nd hand,1998.0,2.0,1.0,ראשון לציון|4746-35|153.38||0.0|לא צויין סוג|1998.0
parcel_unit_like,ראשון לציון,4746-35-10,"גרניט, ראשון לציון",גרניט,2000-07-19,1998-11-05;1999-05-16,1.116,153.38,,0.0,לא צויין סוג ,2nd hand,1998.0,2.0,1.0,ראשון לציון|4746-35|153.38||0.0|לא צויין סוג|1998.0
parcel_unit_like,ראשון לציון,3935-149-61,"זדל, ראשון לציון",זדל,2000-11-24,1998-11-25;1999-02-17;1999-07-16,0.856,109.0,,3.0,לא צויין סוג ,2nd hand,1998.0,2.0,1.0,ראשון לציון|3935-149|109.0||3.0|לא צויין סוג|1998.0
parcel_unit_like,ראשון לציון,4746-6-4,"תרשיש, ראשון לציון",תרשיש,2001-01-03,1998-01-27,0.716,75.7,,2.0,לא צויין סוג ,2nd hand,1998.0,3.0,9.0,ראשון לציון|4746-6|75.7||2.0|לא צויין סוג|1998.0
parcel_unit_like,ראשון לציון,5096-5-41,"מעגל השלום, ראשון לציון",מעגל השלום,2001-10-16,1999-09-27,1.496,132.0,,11.0,לא צויין סוג ,New Project,2001.0,0.0,11.0,ראשון לציון|5096-5|132.0||11.0|לא צויין סוג|2001.0
parcel_unit_like,ראשון לציון,5114-40-4,"אלקבץ, ראשון לציון",אלקבץ,2003-01-30,1998-11-10,0.97,97.98,,1.0,לא צויין סוג ,2nd hand,1997.0,6.0,12.0,ראשון לציון|5114-40|97.98||1.0|לא צויין סוג|1997.0
parcel_unit_like,ראשון לציון,5116-91-43,"הרב גורן, ראשון לציון",הרב גורן,2003-03-07,2002-03-05,0.91,100.0,,1.0,לא צויין סוג ,2nd hand,2002.0,1.0,6.0,ראשון לציון|5116-91|100.0||1.0|לא צויין סוג|2002.0
parcel_unit_like,ראשון לציון,5116-91-43,"הרב גורן, ראשון לציון",הרב גורן,2003-03-07,2002-03-05,0.91,100.0,,1.0,לא צויין סוג ,2nd hand,2002.0,1.0,6.0,ראשון לציון|5116-91|100.0||1.0|לא צויין סוג|2002.0
parcel_unit_like,ראשון לציון,5116-90-43,"הרב גורן, ראשון לציון",הרב גורן,2003-03-24,2001-06-04;2001-08-01,0.97,100.0,,4.0,לא צויין סוג ,2nd hand,2001.0,2.0,6.0,ראשון לציון|5116-90|100.0||4.0|לא צויין סוג|2001.0
parcel_unit_like,ראשון לציון,5116-90-43,"הרב גורן, ראשון לציון",הרב גורן,2003-03-24,2001-06-04;2001-08-01,0.97,100.0,,4.0,לא צויין סוג ,2nd hand,2001.0,2.0,6.0,ראשון לציון|5116-90|100.0||4.0|לא צויין סוג|2001.0
parcel_unit_like,ראשון לציון,5099-68-1,"מוריי גל-מן, ראשון לציון",מוריי גל-מן,2003-07-22,1999-10-14,1.637,168.14,,0.0,לא צויין סוג ,2nd hand,1999.0,4.0,,ראשון לציון|5099-68|168.14||0.0|לא צויין סוג|1999.0
parcel_unit_like,רחובות,3697-430-8,"חושן, רחובות",חושן,2000-08-08,1998-05-25,0.954,144.1,,1.0,לא צויין סוג ,2nd hand,1997.0,3.0,,רחובות|3697-430|144.1||1.0|לא צויין סוג|1997.0
parcel_unit_like,רחובות,3696-127-172,"בשיסט מרדכי, רחובות",בשיסט מרדכי,2002-02-12,1999-05-26,0.64,60.0,,2.0,לא צויין סוג ,2nd hand,2000.0,2.0,7.0,רחובות|3696-127|60.0||2.0|לא צויין סוג|2000.0
parcel_unit_like,רחובות,3696-127-8,"בשיסט מרדכי, רחובות",בשיסט מרדכי,2002-03-01,1999-07-19;1999-08-15,0.69,60.0,,4.0,לא צויין סוג ,2nd hand,2000.0,2.0,7.0,רחובות|3696-127|60.0||4.0|לא צויין סוג|2000.0
parcel_unit_like,רחובות,3696-127-168,"בשיסט מרדכי, רחובות",בשיסט מרדכי,2002-03-04,1999-07-19;1999-08-15,0.668,60.0,,4.0,לא צויין סוג ,2nd hand,2000.0,2.0,7.0,רחובות|3696-127|60.0||4.0|לא צויין סוג|2000.0
parcel_unit_like,רמת גן,6157-671-9,"אלישיב, רמת גן",אלישיב,2000-06-12,2000-05-29,1.313,105.46,,4.0,לא צויין סוג ,New Project,2000.0,0.0,4.0,רמת גן|6157-671|105.46||4.0|לא צויין סוג|2000.0
parcel_unit_like,רמת גן,6183-86-21,"ההגנה, רמת גן",ההגנה,2002-11-10,2002-09-30,0.744,80.0,,3.0,לא צויין סוג ,New Project,2003.0,-1.0,4.0,רמת גן|6183-86|80.0||3.0|לא צויין סוג|2003.0
parcel_unit_like,רמת גן,6207-669-21,"תובל, רמת גן",תובל,2014-03-27,2019-04-23,0.48,42.0,,4.0,דירה בבית קומות,2nd hand,1970.0,44.0,4.0,רמת גן|6207-669|42.0||4.0|דירה בבית קומות|1970.0
parcel_unit_like,רעננה,6578-465-1,"השקמה, רעננה",השקמה,2000-11-20,1999-06-17,1.943,173.5,,0.0,לא צויין סוג ,2nd hand,1999.0,1.0,2.0,רעננה|6578-465|173.5||0.0|לא צויין סוג|1999.0
parcel_unit_like,רעננה,7649-198-17,"גובר רבקה, רעננה",גובר רבקה,2002-09-04,2001-06-28,1.311,121.72,,1.0,לא צויין סוג ,2nd hand,1995.0,7.0,3.0,רעננה|7649-198|121.72||1.0|לא צויין סוג|1995.0
parcel_unit_like,רעננה,7649-182-13,"גובר רבקה, רעננה",גובר רבקה,2002-11-14,2003-02-18,1.064,80.82,,0.0,לא צויין סוג ,2nd hand,1995.0,7.0,3.0,רעננה|7649-182|80.82||0.0|לא צויין סוג|1995.0
parcel_unit_like,תל אביב -יפו,6979-5-313,"טרפון, תל אביב -יפו",טרפון,1998-07-23,2002-03-24,0.183,30.0,,1.0,לא צויין סוג ,2nd hand,1950.0,48.0,3.0,תל אביב -יפו|6979-5|30.0||1.0|לא צויין סוג|1950.0
parcel_unit_like,תל אביב -יפו,6798-9-35,"קובנר אבא, תל אביב -יפו",קובנר אבא,1999-11-09,1998-09-16;1999-09-02,1.306,96.05,,3.0,לא צויין סוג ,New Project,1999.0,0.0,7.0,תל אביב -יפו|6798-9|96.05||3.0|לא צויין סוג|1999.0
parcel_unit_like,תל אביב -יפו,7193-25-18,"מרידור יעקב, תל אביב -יפו",מרידור יעקב,2000-01-20,1999-09-09,1.841,106.0,,1.0,לא צויין סוג ,2nd hand,1999.0,1.0,4.0,תל אביב -יפו|7193-25|106.0||1.0|לא צויין סוג|1999.0
parcel_unit_like,תל אביב -יפו,6626-212-80,"פן אלכסנדר, תל אביב -יפו",פן אלכסנדר,2000-02-18,1999-11-28,1.413,78.68,,5.0,לא צויין סוג ,2nd hand,1999.0,1.0,6.0,תל אביב -יפו|6626-212|78.68||5.0|לא צויין סוג|1999.0
parcel_unit_like,תל אביב -יפו,6626-212-80,"פן אלכסנדר, תל אביב -יפו",פן אלכסנדר,2000-02-18,1999-11-28,1.413,78.68,,5.0,לא צויין סוג ,2nd hand,1999.0,1.0,6.0,תל אביב -יפו|6626-212|78.68||5.0|לא צויין סוג|1999.0
parcel_unit_like,תל אביב -יפו,6979-5-302,"כרמי, תל אביב -יפו",כרמי,2000-02-24,2002-03-24,0.194,30.0,,1.0,לא צויין סוג ,2nd hand,1950.0,50.0,3.0,תל אביב -יפו|6979-5|30.0||1.0|לא צויין סוג|1950.0
parcel_unit_like,תל אביב -יפו,6626-212-76,"פן אלכסנדר, תל אביב -יפו",פן אלכסנדר,2000-02-29,1999-06-29,1.413,78.7,,4.0,לא צויין סוג ,2nd hand,1999.0,1.0,6.0,תל אביב -יפו|6626-212|78.7||4.0|לא צויין סוג|1999.0
parcel_unit_like,תל אביב -יפו,6626-212-76,"פן אלכסנדר, תל אביב -יפו",פן אלכסנדר,2000-02-29,1999-06-29,1.413,78.7,,4.0,לא צויין סוג ,2nd hand,1999.0,1.0,6.0,תל אביב -יפו|6626-212|78.7||4.0|לא צויין סוג|1999.0
parcel_unit_like,תל אביב -יפו,6798-9-27,"קובנר אבא, תל אביב -יפו",קובנר אבא,2000-07-04,1998-02-19,1.242,96.05,,1.0,לא צויין סוג ,2nd hand,1999.0,1.0,7.0,תל אביב -יפו|6798-9|96.05||1.0|לא צויין סוג|1999.0
parcel_unit_like,תל אביב -יפו,6626-212-67,"פן אלכסנדר, תל אביב -יפו",פן אלכסנדר,2001-04-16,1999-08-16,1.28,78.2,,2.0,לא צויין סוג ,2nd hand,1999.0,2.0,6.0,תל אביב -יפו|6626-212|78.2||2.0|לא צויין סוג|1999.0
parcel_unit_like,תל אביב -יפו,6626-212-67,"פן אלכסנדר, תל אביב -יפו",פן אלכסנדר,2001-04-16,1999-08-16,1.28,78.2,,2.0,לא צויין סוג ,2nd hand,1999.0,2.0,6.0,תל אביב -יפו|6626-212|78.2||2.0|לא צויין סוג|1999.0
parcel_unit_like,תל אביב -יפו,6626-212-75,"פן אלכסנדר, תל אביב -יפו",פן אלכסנדר,2001-04-30,1999-06-10,1.69,114.4,,4.0,לא צויין סוג ,2nd hand,1999.0,2.0,6.0,תל אביב -יפו|6626-212|114.4||4.0|לא צויין סוג|1999.0
parcel_unit_like,תל אביב -יפו,6626-212-75,"פן אלכסנדר, תל אביב -יפו",פן אלכסנדר,2001-04-30,1999-06-10,1.69,114.4,,4.0,לא צויין סוג ,2nd hand,1999.0,2.0,6.0,תל אביב -יפו|6626-212|114.4||4.0|לא צויין סוג|1999.0
parcel_unit_like,תל אביב -יפו,6798-84-46,"בוני העיר, תל אביב -יפו",בוני העיר,2001-07-29,1998-06-02,1.997,143.2,,6.0,לא צויין סוג ,2nd hand,1998.0,3.0,6.0,תל אביב -יפו|6798-84|143.2||6.0|לא צויין סוג|1998.0
parcel_unit_like,תל אביב -יפו,6150-533-17,"דם המכבים, תל אביב -יפו",דם המכבים,2001-07-31,2000-08-15,0.077,48.0,,2.0,לא צויין סוג ,2nd hand,1950.0,51.0,2.0,תל אביב -יפו|6150-533|48.0||2.0|לא צויין סוג|1950.0
parcel_unit_like,תל אביב -יפו,7047-84-10,"חב""ד, תל אביב -יפו","חב""ד",2002-12-08,2002-11-24,0.845,97.0,,1.0,לא צויין סוג ,2nd hand,1950.0,52.0,1.0,תל אביב -יפו|7047-84|97.0||1.0|לא צויין סוג|1950.0
parcel_unit_like,תל אביב -יפו,6213-1438-5,"הא באייר, תל אביב -יפו",הא באייר,2003-12-10,2001-07-12,1.23,69.3,,1.0,דירה בבית קומות,2nd hand,1999.0,4.0,6.0,תל אביב -יפו|6213-1438|69.3||1.0|דירה בבית קומות|1999.0
parcel_unit_like,תל אביב -יפו,6979-10-432,"עבאס אברהם, תל אביב -יפו",עבאס אברהם,2004-01-20,2003-02-05,0.154,35.0,,3.0,דירה בבית קומות,2nd hand,1950.0,54.0,4.0,תל אביב -יפו|6979-10|35.0||3.0|דירה בבית קומות|1950.0
parcel_unit_like,תל אביב -יפו,6979-10-432,"עבאס אברהם, תל אביב -יפו",עבאס אברהם,2004-01-20,2003-02-05,0.154,35.0,,3.0,דירה בבית קומות,2nd hand,1950.0,54.0,4.0,תל אביב -יפו|6979-10|35.0||3.0|דירה בבית קומות|1950.0
parcel_unit_like,תל אביב -יפו,6979-10-432,"עבאס אברהם, תל אביב -יפו",עבאס אברהם,2004-01-20,2003-02-05,0.154,35.0,,3.0,דירה בבית קומות,2nd hand,1950.0,54.0,4.0,תל אביב -יפו|6979-10|35.0||3.0|דירה בבית קומות|1950.0
parcel_unit_like,תל אביב -יפו,6214-524-15,"עמנואל הרומי, תל אביב -יפו",עמנואל הרומי,2004-01-25,2003-04-21,0.71,50.0,,2.0,דירה בבית קומות,2nd hand,1950.0,54.0,3.0,תל אביב -יפו|6214-524|50.0||2.0|דירה בבית קומות|1950.0
parcel_unit_like,תל אביב -יפו,6214-524-15,"עמנואל הרומי, תל אביב -יפו",עמנואל הרומי,2004-01-25,2003-04-21,0.71,50.0,,2.0,דירה בבית קומות,2nd hand,1950.0,54.0,3.0,תל אביב -יפו|6214-524|50.0||2.0|דירה בבית קומות|1950.0
parcel_unit_like,תל אביב -יפו,6214-524-15,"עמנואל הרומי, תל אביב -יפו",עמנואל הרומי,2004-01-25,2003-04-21,0.71,50.0,,2.0,דירה בבית קומות,2nd hand,1950.0,54.0,3.0,תל אביב -יפו|6214-524|50.0||2.0|דירה בבית קומות|1950.0
parcel_unit_like,תל אביב -יפו,6150-390-2,"ביצרון, תל אביב -יפו",ביצרון,2004-06-29,2003-02-17,0.844,28.7,,1.0,קוטג' טורי,2nd hand,1950.0,54.0,2.0,תל אביב -יפו|6150-390|28.7||1.0|קוטג' טורי|1950.0
parcel_unit_like,תל אביב -יפו,7455-21-1,"נחמני, תל אביב -יפו",נחמני,2005-07-04,2003-12-31,1.125,79.64,,0.0,דירה בבית קומות,2nd hand,1930.0,75.0,2.0,תל אביב -יפו|7455-21|79.64||0.0|דירה בבית קומות|1930.0
parcel_unit_like,תל אביב -יפו,6108-717-6,"הרב גורן שלמה, תל אביב -יפו",הרב גורן שלמה,2007-05-20,2006-11-01,1398.702,,,1.0,דירה בבית קומות,New Project,2008.0,-1.0,28.0,תל אביב -יפו|6108-717|||1.0|דירה בבית קומות|2008.0
parcel_unit_like,תל אביב -יפו,6214-524-12,"עמנואל הרומי, תל אביב -יפו",עמנואל הרומי,2007-07-04,2003-04-21,1.18,50.0,,2.0,דירה בבית קומות,2nd hand,1950.0,57.0,3.0,תל אביב -יפו|6214-524|50.0||2.0|דירה בבית קומות|1950.0
parcel_unit_like,תל אביב -יפו,6214-524-12,"עמנואל הרומי, תל אביב -יפו",עמנואל הרומי,2007-07-04,2003-04-21,1.18,50.0,,2.0,דירה בבית קומות,2nd hand,1950.0,57.0,3.0,תל אביב -יפו|6214-524|50.0||2.0|דירה בבית קומות|1950.0
parcel_unit_like,תל אביב -יפו,6214-524-12,"עמנואל הרומי, תל אביב -יפו",עמנואל הרומי,2007-07-04,2003-04-21,1.18,50.0,,2.0,דירה בבית קומות,2nd hand,1950.0,57.0,3.0,תל אביב -יפו|6214-524|50.0||2.0|דירה בבית קומות|1950.0
parcel_unit_like,תל אביב -יפו,6108-717-18,"הרב גורן שלמה, תל אביב -יפו",הרב גורן שלמה,2008-05-28,2006-11-01,2.968,,,1.0,דירה בבית קומות,New Project,2008.0,0.0,28.0,תל אביב -יפו|6108-717|||1.0|דירה בבית קומות|2008.0
parcel_unit_like,תל אביב -יפו,6979-5-242,"יאיר, תל אביב -יפו",יאיר,2009-08-26,2004-12-30,0.935,120.0,,1.0,דירה בבית קומות,2nd hand,1950.0,59.0,3.0,תל אביב -יפו|6979-5|120.0||1.0|דירה בבית קומות|1950.0
parcel_unit_like,תל אביב -יפו,6768-46-27,"פיכמן, תל אביב -יפו",פיכמן,2010-08-19,2010-09-20,2.855,113.0,,3.0,מחסנים,New Project,2012.0,-2.0,5.0,תל אביב -יפו|6768-46|113.0||3.0|מחסנים|2012.0
parcel_unit_like,תל אביב -יפו,6768-46-27,"פיכמן, תל אביב -יפו",פיכמן,2010-08-19,2010-09-20,2.855,113.0,,3.0,מחסנים,New Project,2012.0,-2.0,5.0,תל אביב -יפו|6768-46|113.0||3.0|מחסנים|2012.0
parcel_unit_like,תל אביב -יפו,6621-10-3,"רוזנבלום הרצל, תל אביב -יפו",רוזנבלום הרצל,2011-02-14,2012-08-13,1.28724,42.0,,6.0,מלונאות,2nd hand,2009.0,2.0,10.0,תל אביב -יפו|6621-10|42.0||6.0|מלונאות|2009.0
parcel_unit_like,תל אביב -יפו,6621-10-93,"רוזנבלום הרצל, תל אביב -יפו",רוזנבלום הרצל,2012-08-17,2009-07-27,1.1891,45.0,,4.0,מלונאות,2nd hand,2009.0,3.0,10.0,תל אביב -יפו|6621-10|45.0||4.0|מלונאות|2009.0
parcel_unit_like,תל אביב -יפו,6768-46-8,"פיכמן, תל אביב -יפו",פיכמן,2016-07-27,2011-12-27,4.1,113.0,,2.0,דירה בבית קומות,2nd hand,2012.0,4.0,5.0,תל אביב -יפו|6768-46|113.0||2.0|דירה בבית קומות|2012.0
parcel_unit_like,תל אביב -יפו,6768-46-8,"פיכמן, תל אביב -יפו",פיכמן,2016-07-27,2011-12-27,4.1,113.0,,2.0,דירה בבית קומות,2nd hand,2012.0,4.0,5.0,תל אביב -יפו|6768-46|113.0||2.0|דירה בבית קומות|2012.0
parcel_unit_like,תל אביב -יפו,6108-731-43,"אלוני ניסים, תל אביב -יפו",אלוני ניסים,2016-12-13,2017-07-05,3.099,73.3,,9.0,דירה בבית קומות,New Project,2016.0,0.0,37.0,תל אביב -יפו|6108-731|73.3||9.0|דירה בבית קומות|2016.0
parcel_unit_like,תל אביב -יפו,6108-731-43,"אלוני ניסים, תל אביב -יפו",אלוני ניסים,2016-12-13,2017-07-05,3.099,73.3,,9.0,דירה בבית קומות,New Project,2016.0,0.0,37.0,תל אביב -יפו|6108-731|73.3||9.0|דירה בבית קומות|2016.0
parcel_unit_like,תל אביב -יפו,6768-46-13,"פיכמן, תל אביב -יפו",פיכמן,2019-05-14,2011-12-27,4.4,113.0,,2.0,דירה בבית קומות,2nd hand,2012.0,7.0,5.0,תל אביב -יפו|6768-46|113.0||2.0|דירה בבית קומות|2012.0
parcel_unit_like,תל אביב -יפו,6768-46-13,"פיכמן, תל אביב -יפו",פיכמן,2019-05-14,2011-12-27,4.4,113.0,,2.0,דירה בבית קומות,2nd hand,2012.0,7.0,5.0,תל אביב -יפו|6768-46|113.0||2.0|דירה בבית קומות|2012.0
parcel_unit_like,תל אביב -יפו,6135-88-11,"מבשר, תל אביב -יפו",מבשר,2020-07-05,2013-01-03;2013-05-30;2014-07-21;2022-01-09,0.08,,,1.0,חנות,2nd hand,1950.0,70.0,3.0,תל אביב -יפו|6135-88|||1.0|חנות|1950.0
parcel_unit_like,תל אביב -יפו,6769-87-50,"ברודי, תל אביב -יפו",ברודי,2021-09-06,2021-07-05;2023-03-28,1.93,47.2,,2.0,קרקע למגורים,2nd hand,1950.0,71.0,2.0,תל אביב -יפו|6769-87|47.2||2.0|קרקע למגורים|1950.0
parcel_unit_like,תל אביב -יפו,6626-208-19,"פן אלכסנדר, תל אביב -יפו",פן אלכסנדר,2022-05-19,2021-01-04,5.0,120.12,,5.0,דירה בבית קומות,2nd hand,2000.0,22.0,6.0,תל אביב -יפו|6626-208|120.12||5.0|דירה בבית קומות|2000.0
parcel_unit_like,תל אביב -יפו,6626-208-19,"פן אלכסנדר, תל אביב -יפו",פן אלכסנדר,2022-05-19,2021-01-04,5.0,120.12,,5.0,דירה בבית קומות,2nd hand,2000.0,22.0,6.0,תל אביב -יפו|6626-208|120.12||5.0|דירה בבית קומות|2000.0
parcel_unit_like,תל אביב -יפו,7016-2-0,"אילת, תל אביב -יפו",אילת,2023-06-01,2020-08-18,2.7,,,1.0,קרקע למגורים,2nd hand,1950.0,73.0,1.0,תל אביב -יפו|7016-2|||1.0|קרקע למגורים|1950.0
parcel_unit_like,תל אביב -יפו,7016-2-0,"אילת, תל אביב -יפו",אילת,2023-06-01,2020-08-18,2.7,,,1.0,קרקע למגורים,2nd hand,1950.0,73.0,1.0,תל אביב -יפו|7016-2|||1.0|קרקע למגורים|1950.0
parcel_unit_like,תל אביב -יפו,6627-351-97,"רפידים, תל אביב -יפו",רפידים,2023-09-14,2022-07-07;2023-05-03,4.58,59.29,,0.0,קרקע למגורים,2nd hand,1950.0,73.0,3.0,תל אביב -יפו|6627-351|59.29||0.0|קרקע למגורים|1950.0
parcel_unit_like,תל אביב -יפו,7424-3-3,"מרכלת, תל אביב -יפו",מרכלת,2023-09-27,2022-11-17,18.796,,,1.0,חנות,2nd hand,1960.0,63.0,1.0,תל אביב -יפו|7424-3|||1.0|חנות|1960.0
