settlement_code,settlement,extra_rows
,אלעד,14558
,גדרה,14556
,חריש,14162
,צפת,12991
,גבעת שמואל,12776
,טירת כרמל,12032
,זכרון יעקב,11895
,קריית מלאכי,11556
,אור עקיבא,11179
,מגדל העמק,10953
,כפר יונה,10858
,גן יבנה,9471
,יקנעם עילית,9166
,נצרת,9061
,קריית שמונה,8466
,מבשרת ציון,8030
,שוהם,7679
,קריית טבעון,7277
,בית שאן,7047
,מעלות-תרשיחא,6907
,גני תקווה,6813
,אום אל-פחם,6546
,סח'נין,6532
,בנימינה-גבעת עדה,5918
,אעבלין,5866
,אזור,5777
,דאלית אל-כרמל,5769
,אבן יהודה,5527
,תל מונד,5467
,שפרעם,5463
,מזכרת בתיה,5421
,קדימה-צורן,5160
,עתלית,4655
,ירוחם,4424
,רכסים,4157
,טמרה,3908
,קצרין,3878
,ריינה,3661
,עספיא,3651
,עראבה,3636
,מיתר,3408
,טייבה,3405
,כפר מנדא,3395
,מג`ד אל-כרום,3288
,רמת ישי,3285
,כפר כנא,3249
,צור הדסה,3080
,שלומי,3037
,חצור הגלילית,3032
,עומר,2930
,קיסריה,2924
,כפר תבור,2921
,טורעאן,2792
,יבנאל,2787
,מגאר,2712
,מצפה רמון,2447
,באקה אל-גרביה,2396
,קריית עקרון,2355
,קלנסווה,2305
,ג'ולס,2281
,מעיליא,2277
,"בני עי""ש",2277
,נצר סרני,2272
,בית ג'ן,2243
,מגדל,2224
,להבים,2118
,כפר ורדים,2056
,עין מאהל,2029
,כפר קאסם,2014
,נחף,2008
,בית דגן,1967
,ירכא,1963
,כפר יאסיף,1959
,יפיע,1888
,אבו סנאן,1865
,מצליח,1829
,ראמה,1828
,ראש פינה,1791
,צור יצחק,1740
,ג'ת,1721
,צור נתן,1710
,כפר החורש,1710
,ג'דיידה-מכר,1634
,טירה,1633
,ערערה,1598
,דבוריה,1531
,פרדסיה,1528
,ינוב,1523
,דייר חנא,1521
,אכסאל,1495
,נחלים,1447
,בוסתן הגליל,1439
,בת חפר,1402
,עילוט,1368
,משהד,1363
,אחיסמך,1341
,קריית יערים,1326
,שדות ים,1315
,כפר שמריהו,1314
,פסוטה,1288
,סאג'ור,1272
,עיילבון,1233
,שגב-שלום,1160
,בענה,1160
,אפק,1136
,ג'ש )גוש חלב(,1075
,כאבול,1063
,משמר העמק,996
,גליל ים,990
,נען,960
,בן זכאי,951
,כפר קרע,949
,עין כרמל,911
,כפר ברא,897
,חורפיש,888
,ניצנים,880
,זרזיר,871
,פוריידיס,859
,עין המפרץ,837
,שער אפרים,832
,פוריה עילית,818
,אליכין,816
,יהוד-מונוסון,801
,יקנעם )מושבה(,791
,רשפון,772
,בועיינה-נוג'ידאת,763
,פקיעין )בוקייעה(,756
,יד חנה,743
,מרכז שפירא,742
,צור משה,736
,גבעת ברנר,734
,ג'סר א-זרקא,733
,ביר אל-מכסור,710
,ניר גלים,706
,אבו גוש,705
,מרחביה )מושב(,678
,גן נר,675
,תל עדשים,669
,נופית,664
,גבת,662
,גבעת יערים,660
,דייר אל-אסד,659
,מעלה עירון,650
,שורש,645
,משמר הנגב,642
,רהט,640
,שעב,638
,כפר מנחם,632
,גזר,630
,שדה ורבורג,626
,באר טוביה,619
,יאנוח-ג'ת,618
,ברקת,618
,כאוכב אבו אל-היג'א,614
,מטולה,613
,אמציה,610
,שפיים,604
,כנרת )מושבה(,587
,שמשית,576
,כסרא-סמיע,574
,נווה מיכאל,568
,רמות השבים,567
,ניצן,556
,בצרה,556
,שמרת,555
,מגל,554
,בית השיטה,542
,ג'לג'וליה,541
,בני דרור,530
,בית יצחק-שער חפר,530
,בית חשמונאי,528
,קציר,527
,בסמת טבעון,522
,חוסן,521
,יסוד המעלה,518
,חפץ חיים,517
,רמת השופט,516
,גני הדר,514
,מתן,506
,מענית,495
,החותרים,495
,מי עמי,491
,ניין,488
,אושה,487
,אלונים,487
,תל יצחק,483
,מולדת,480
,יד בנימין,479
,רגבה,476
,"נתיב הל""ה",471
,בלפוריה,469
,בית חלקיה,468
,רוחמה,464
,עדי,461
,בחן,457
,אומן,454
,"עין כרם-בי""ס חקלאי",454
,בני ציון,452
,מאור,451
,נורדיה,449
,בית חנן,447
,יסודות,446
,גבעת אבני,445
,לפיד,444
,נגבה,441
,אילניה,436
,דגניה א',434
,זמר,431
,הבונים,426
,שדה בוקר,424
,משמר דוד,421
,טובא-זנגריה,418
,פוריה - נווה עובד,411
,ציפורי,410
,שער העמקים,408
,עין שריד,407
,כפר המכבי,407
,גת )קיבוץ(,405
,נס הרים,405
,באר אורה,402
,אלוני אבא,396
,חרב לאת,396
,חבר,390
,גן שלמה,387
,מוקייבלה,385
,גילון,384
,שבי ציון,384
,עין שמר,383
,עדנים,383
,חספין,383
,מצובה,379
,בת שלמה,376
,אבן שמואל,376
,כרמים,375
,נווה אילן,375
,רגבים,375
,גלאון,374
,נהורה,374
,כפר ראש הנקרה,373
,גן חיים,367
,מנחמיה,364
,הסוללים,359
,שדה נחום,358
,שריגים )לי-און(,356
,גבעת חיים )איחוד(,356
,בית אלפא,355
,רבדים,353
,אשדות יעקב )איחוד(,350
,כברי,348
,חפצי-בה,347
,אשחר,347
,גילת,346
,כפר הנשיא,345
,ירחיב,344
,חבצלת השרון,343
,עין איילה,341
,שפיר,340
,אילון,334
,קריית ענבים,334
,משמרת,331
,שריד,330
,בית ניר,329
,חופית,329
,עין השופט,327
,צופית,327
,עין דור,326
,מזרע,326
,שכניה,326
,רמות מנשה,326
,נאעורה,325
,ברקאי,324
,שבלי - אום אל-גנם,322
,סלמה,320
,מוצא עילית,319
,תמרת,314
,שתולים,312
,כפר דניאל,310
,חוקוק,308
,מבוא ביתר,307
,חנתון,307
,כפר כמא,305
,יסעור,302
,מגידו,302
,גבעת אלה,301
,לבון,300
,כפר יחזקאל,300
,גן השומרון,299
,גיניגר,299
,דברת,298
,כרמי יוסף,298
,תלמי יפה,295
,הגושרים,295
,גבעות בר,293
,יחיעם,292
,שדה יואב,290
,רשפים,288
,יפעת,287
,"בסמ""ה",287
,עין ורד,287
,כפר מסריק,287
,מירון,285
,כעביה-טבאש-חג'אג'רה,284
,חולתה,284
,איילת השחר,283
,"כפר חב""ד",282
,סולם,281
,גינוסר,280
,ניר דוד )תל עמל(,278
,מסד,278
,חניתה,277
,בית אלעזרי,275
,עין יהב,274
,ארבל,274
,מרחביה )קיבוץ(,273
,מזרעה,273
,שדה משה,271
,בית העמק,271
,העוגן,271
,עשרת,271
,מעין ברוך,270
,משמרות,270
,גשר,268
,אבטין,268
,רם-און,267
,חולדה,267
,גזית,265
,בית הגדי,263
,לוטם,262
,מבקיעים,261
,אביחיל,261
,מבועים,261
,טל-אל,260
,מורשת,260
,ספיר,259
,ברור חיל,259
,כפר נטר,258
,להבות הבשן,258
,לכיש,257
,געש,253
,הודיה,253
,קלחים,252
,כפר קיש,252
,טירת יהודה,251
,כפר יהושע,250
,הושעיה,250
,גבע כרמל,250
,אירוס,250
,ביצרון,247
,שדה אליעזר,246
,לוזית,245
,פרוד,245
,שעלבים,244
,כפר בלום,244
,אלומה,244
,אבטליון,241
,אביעזר,240
,מסלול,239
,שובל,238
,דפנה,237
,תימורים,235
,כפר יעבץ,234
,טירת צבי,234
,עמיעד,233
,אשלים,232
,נחם,232
,בני יהודה,232
,כפר סירקין,231
,כפר הס,231
,לוחמי הגיטאות,230
,כוכב מיכאל,230
,המעפיל,229
,שדה נחמיה,229
,כרמיה,228
,בית לחם הגלילית,225
,עין יעקב,225
,פוריה - כפר עבודה,224
,חזון,224
,יובלים,223
,צורית,223
,עצמון שגב,222
,כפר ידידיה,221
,כנרת )קבוצה(,221
,מגדים,219
,חמד,219
,אשתאול,218
,קדרון,217
,שרונה,217
,כפר ויתקין,217
,ערוגות,217
,נאות מרדכי,216
,גדעונה,216
,בית שקמה,215
,פלמחים,215
,משמר הירדן,215
,מעגן,214
,כפר ורבורג,214
,שורשים,211
,בני דרום,211
,כפר חיטים,211
,גבעת ישעיהו,210
,כורזים,209
,תל שבע,209
,כפר אחים,208
,חיבת ציון,208
,חד-נס,208
,עין צורים,207
,גבעת השלושה,207
,כפר רופין,207
,אלון הגליל,207
,זיתן,207
,מנוחה,205
,תל קציר,205
,מחניים,204
,אדרת,204
,"כפר הרי""ף",204
,אשבול,204
,כמון,203
,אלומות,202
,זוהר,202
,חגלה,202
,עמיר,202
,גני עם,201
,דן,201
,עין העמק,201
,נבטים,200
,"כפר הרא""ה",200
,נווה זוהר,200
,אור הנר,199
,בית נקופה,199
,פטיש,199
,נהלל,199
,גיאה,198
,דגניה ב',197
,מכמורת,197
,"כפר מל""ל",197
,אבו ג'ווייעד )שבט(,197
,אשרת,196
,כפר טרומן,195
,נטעים,195
,נחושה,194
,ניר עציון,193
,תובל,192
,"כפר ביל""ו",191
,עין אל-אסד,191
,יודפת,190
,רקפת,190
,משמר השבעה,190
,רמת דוד,189
,דקל,189
,"יד רמב""ם",189
,אביאל,189
,עוזייר,188
,תלמי יחיאל,186
,עזריקם,185
,נווה ים,185
,שחר,185
,ביתר עילית,184
,היוגב,184
,רביבים,184
,ברוש,183
,אמונים,183
,להב,183
,זבדיאל,183
,נחשון,182
,שילת,182
,פדיה,182
,מעוז חיים,182
,כפר בן נון,181
,צפריה,181
,מצר,181
,כמאנה,180
,כפר ביאליק,180
,עין הבשור,180
,גברעם,179
,בית קשת,179
,זרועה,179
,אפיקים,178
,עמיקם,177
,בית חנניה,177
,שדה דוד,177
,כפר גלעדי,177
,תלמי אלעזר,175
,חרוצים,174
,ניר צבי,173
,הררית,173
,חלוץ,173
,גן יאשיה,173
,אחוזת ברק,173
,עין נקובא,172
,נווה ימין,172
,"כרם מהר""ל",172
,סגולה,172
,קרית יערים)מוסד(,171
,ניר עקיבא,169
,מייסר,168
,כפר מונש,168
,הרדוף,167
,יפתח,167
,כליל,166
,שניר,166
,משמר השרון,166
,מלכיה,165
,להבות חביבה,165
,אחיטוב,165
,ניר ישראל,164
,תנובות,164
,אדמית,164
,בקוע,163
,מסילת ציון,162
,מגן שאול,162
,בני דקלים,162
,רמת צבי,162
,חירות,162
,אשדות יעקב )מאוחד(,162
,ערערה-בנגב,161
,גונן,161
,תדהר,161
,בני ראם,161
,קדרים,160
,נווה אור,160
,אמירים,160
,כפר ברוך,159
,נחלה,159
,חלץ,159
,שיבולים,159
,יערה,158
,גיתה,157
,אליפלט,157
,שרשרת,156
,אחיהוד,156
,אמנון,156
,דליה,156
,קורנית,155
,בית זית,154
,חמדיה,154
,מכמנים,154
,יד נתן,153
,שדה צבי,153
,נחשולים,153
,"מצפה אבי""ב",153
,חצב,151
,בצת,150
,לביא,150
,ביתן אהרן,150
,מעש,150
,חצבה,149
,מזור,148
,מסדה,148
,אליקים,147
,רומאנה,147
,שלוחות,147
,"עין הנצי""ב",147
,זרחיה,146
,ניר אליהו,146
,אורות,146
,מסילות,146
,אבן ספיר,146
,לימן,145
,עין חרוד )מאוחד(,145
,שדי חמד,145
,נווה ירק,144
,בן שמן )מושב(,144
,עזריאל,144
,חורה,143
,גבעולים,143
,בית ינאי,143
,נירית,143
,עולש,141
,גבעתי,141
,בית יהושע,140
,"ניר ח""ן",140
,ניצני עוז,140
,כפר גליקסון,139
,הזורעים,138
,אביגדור,138
,אודים,138
,בית זרע,138
,בית גוברין,137
,אורה,137
,ברק,136
,"גבעת כ""ח",135
,רמת רזיאל,135
,מעלה החמישה,134
,נווה זיו,134
,מגשימים,133
,כפר מימון,133
,ריחאניה,133
,לבנים,133
,שקף,133
,יעד,133
,בארותיים,133
,בית מאיר,132
,ביריה,132
,שדה יעקב,131
,כחל,131
,שייח' דנון,130
,בית עריף,129
,אומץ,129
,קוממיות,128
,כפר שמאי,128
,פורת,128
,יבול,128
,נירים,128
,דורות,128
,נס עמים,127
,טפחות,127
,מנוף,127
,בת הדר,127
,ישרש,127
,שדמות דבורה,126
,עין הוד,126
,כפר עזה,125
,גפן,125
,כפר סאלד,124
,ינון,124
,שדה אילן,124
,ניר בנים,124
,משען,124
,מצפה,124
,"תלמי ביל""ו",123
,פדויים,122
,נחשונים,122
,רמות מאיר,122
,שדי תרומות,121
,חגור,121
,ניר יפה,121
,משגב דב,121
,בית שערים,120
,רמות,120
,גבעת יואב,120
,משאבי שדה,119
,נורית,119
,אודם,118
,באר גנים,117
,שדה אליהו,116
,גבעת עוז,116
,בית עזרא,116
,זנוח,116
,גני יוחנן,115
,טללים,115
,סתריה,115
,כפר פינס,115
,יהל,114
,גאליה,114
,ניר עם,113
,בית קמה,113
,גשור,113
,כפר זיתים,113
,בית חירות,112
,"גבעת ניל""י",112
,נוה,112
,דחי,112
,גנות,112
,אניעם,112
,בניה,112
,רמת מגשימים,111
,בורגתה,110
,בני עטרות,110
,צוקים,110
,מבוא מודיעים,110
,אחוזם,110
,נוגה,109
,גשר הזיו,109
,מעלה גלבוע,109
,נוף איילון,109
,זיקים,108
,כפר חנניה,107
,בית גמליאל,107
,גאולים,106
,ח'ואלד )שבט(,106
,צרופה,106
,צנדלה,106
,נאות גולן,105
,רעים,105
,ארז,105
,אפיניש )שבט(,104
,בית עוזיאל,104
,צוחר,103
,יזרעאל,103
,טייבה )בעמק(,103
,מרחב עם,103
,נווה איתן,103
,עופר,103
,בית עובד,103
,תלמים,102
,עמינדב,102
,גיבתון,102
,נוב,101
,יציץ,101
,זכריה,101
,רתמים,101
,רנן,100
,מורן,100
,כיסופים,100
,שדה עוזיהו,100
,גן שורק,99
,שדה יצחק,99
,חדיד,99
,כפר שמואל,97
,בית רימון,97
,מנות,97
,גדיש,97
,מדרך עוז,97
,בן עמי,96
,גן הדרום,96
,בר יוחאי,95
,יובל,95
,עזר,95
,מעגלים,94
,כנף,94
,מעין צבי,94
,כפר מרדכי,94
,נחל עוז,93
,אלישיב,93
,דלתון,93
,תאשור,93
,מצפה נטופה,93
,עין החורש,93
,עזריה,93
,הדר עם,93
,כפר אביב,92
,אל-רום,92
,גמזו,92
,האון,91
,גבולות,91
,מדרשת בן גוריון,91
,מישר,91
,יעל,89
,עינת,89
,כפר חרוב,89
,תל תאומים,88
,כפר חסידים א',88
,נתיב השיירה,87
,טל שחר,87
,רוויה,87
,שפר,87
,אלישמע,86
,יקום,86
,אחיעזר,85
,שואבה,85
,בית נחמיה,85
,פתחיה,84
,דבורה,83
,רומת הייב,82
,מבוא חמה,82
,מטע,82
,אלמגור,81
,משגב עם,81
,רווחה,80
,צביה,80
,מרום גולן,80
,"פעמי תש""ז",79
,פלך,79
,צרעה,79
,זמרת,79
,מעונה,78
,בית אורן,78
,מלילות,78
,כפר גדעון,78
,בטחה,77
,עין גדי,77
,עמקה,77
,כלנית,77
,ישע,77
,נטור,76
,הילה,75
,בר גיורא,75
,גינתון,74
,חרשים,74
,שדמה,74
,עין זיוון,74
,עוצם,74
,דור,74
,פרי גן,73
,איתן,73
,צלפון,73
,סער,73
,קלע,72
,ירדנה,72
,חניאל,71
,ורדון,71
,אייל,71
,שדה ניצן,71
,הר עמשא,70
,אבו קורינאת )שבט(,70
,כפר הנגיד,70
,בית יוסף,70
,נווה שלום,70
,תושיה,69
,כפר מצר,69
,ישעי,69
,אבשלום,68
,חמאם,68
,צבעון,68
,יתד,67
,ברכיה,66
,יושיביה,66
,מירב,66
,פארן,65
,משמר איילון,65
,ארסוף,65
,שאר ישוב,64
,תירוש,64
,געתון,63
,אבירים,62
,רחוב,62
,רמות נפתלי,62
,קדמת צבי,62
,מנשית זבדה,61
,אום אל-קוטוף,61
,תל יוסף,61
,שעל,60
,תקומה,60
,אביטל,59
,כרמי קטיף,59
,גבעת חיים )מאוחד(,59
,ניר משה,58
,ראס עלי,58
,אפיק,58
,כפר אוריה,58
,גורנות הגליל,57
,כפר חושן,57
,יראון,57
,שלווה,56
,אוהד,56
,מנרה,56
,יגל,56
,בני נצרים,55
,שובה,55
,אבן מנחם,54
,כפר חיים,54
,מלאה,54
,גדות,53
,גנות הדר,52
,סופה,52
,גבים,52
,כישור,51
,נווה מבטח,50
,"נווה אטי""ב",50
,מיטל,50
,כפר רות,50
,גבע,50
,לוטן,49
,גבעת שפירא,48
,קשת,48
,שומרה,48
,מרגליות,48
,עין ראפה,47
,כרכום,46
,לקיה,45
,אבני איתן,45
,מיצר,45
,נטועה,44
,מעלה גמלא,44
,ניצני סיני,44
,שלומית,44
,סעד,43
,צופר,43
,רינתיה,43
,מכחול,42
,מיטב,42
,גת רימון,42
,עראמשה,41
,עידן,41
,דישון,40
,אדירים,40
,אלוני הבשן,40
,עין תמר,40
,עין עירון,40
,אליפז,39
,עין גב,38
,עלמה,38
,"דוב""ב",37
,לפידות,36
,אלי-עד,35
,עבדון,35
,פקיעין חדשה,35
,"גבעת ח""ן",35
,עגור,34
,פרזון,34
,סמר,34
,תרום,33
,שזור,33
,בית הלל,33
,צפרירים,33
,שני,33
,נאות הכיכר,33
,שדי אברהם,32
,ירקונה,31
,דמיידה,31
,שתולה,31
,הראל,31
,גני טל,31
,נתיב העשרה,30
,טמרה )יזרעאל(,30
,שמיר,30
,כנות,30
,עוזה,30
,יונתן,30
,כסלון,29
,כרם בן זמרה,29
,חצור-אשדוד,29
,שדות מיכה,29
,אחווה,28
,חורשים,28
,כפר חסידים ב',27
,גורן,27
,חברון,27
,נטף,26
,אילות,26
,כרם שלום,26
,אביבים,25
,גן שמואל,25
,רמת רחל,24
,צוריאל,24
,ניצנה )קהילת חינוך(,24
,תלמי אליהו,24
,מבטחים,24
,מתת,24
,עין השלושה,24
,יטבתה,23
,נטע,23
,נופך,23
,כפר רוזנואלד )זרעית(,22
,ביר הדאג',21
,מודיעין עילית,20
,גבעת זאב,19
,כסיפה,19
,צוקי ים,18
,באר מילכה,18
,עיינות,18
,שוקדה,18
,שושנת העמקים,17
,יד מרדכי,17
,כדורי,17
,דריג'את,17
,גיזו,17
,יגור,16
,מחסיה,16
,אלקוש,15
,אל סייד,15
,תעוז,14
,אור הגנוז,14
,כרמל,14
,מג'דל שמס,13
,צובה,13
,בית הלוי,13
,יעף,12
,בת חן,12
,יכיני,12
,כמהין,12
,רמת הכובש,12
,אליאב,12
,אורים,11
,אלפי מנשה,11
,תראבין א-צאנע )שבט(,11
,רמת יוחנן,11
,אשכולות,11
,מעלה אדומים,11
,הזורע,11
,אום בטין,10
,בארות יצחק,10
,גבעות עדן,9
,חוסנייה,9
,מעגן מיכאל,9
,שער הגולן,9
,נצר חזני,9
,מסעדה,9
,אבו קרינאת )יישוב(,9
,ריחן,8
,גאולי תימן,8
,משואות יצחק,7
,תפרח,7
,עין קנייא,7
,הר אדר,7
,ח'ואלד,7
,שומריה,6
,מעלה אפרים,6
,מאיר שפיה,6
,הר גילה,6
,עין חוד,6
,נאות סמדר,6
,שבי דרום,6
,ורד יריחו,5
,תלמי יוסף,5
,עברון,5
,כרם בן שמן,5
,יד השמונה,5
,נווה חריף,5
,קבוצת יבנה,5
,עמנואל,4
,מגן,4
,אפרת,4
,אריאל,4
,אדורה,4
,נועם,4
,כפר עבודה,4
,בית ברל,4
,עמיעוז,4
,ראס אל-עין,4
,מפלסים,4
,אורטל,4
,רימונים,4
,עין חרוד )איחוד(,4
,אבו תלול,4
,שיזף,4
,תראבין א-צאנע)ישוב(,3
,תומר,3
,חצרים,3
,גלעד )אבן יצחק(,3
,צאלים,3
,אבו סריחאן )שבט(,3
,בית אל,3
,כפר סילבר,3
,רותם,3
,סנסנה,3
,בוקעאתא,3
,קטורה,3
,ברעם,2
,אבו עבדון )שבט(,2
,תלם,2
,ניר יצחק,2
,עין חצבה,2
,שחרות,2
,מקווה ישראל,2
,אלון שבות,2
,בארי,2
,אבו עמאר )שבט(,2
,גבע בנימין,2
,רביד,2
,עלי,2
,עלי זהב,2
,סאסא,2
,מחנה יתיר,2
,חשמונאים,2
,פדואל,2
,צופיה,2
,שער מנשה,2
,מדרשת רופין,1
,בת עין,1
,אלקנה,1
,גיתית,1
,מבוא חורון,1
,כחלה,1
,נעלה,1
,עלמון,1
,אבו רוקייק )שבט(,1
,אשל הנשיא,1
,שילה,1
,גרופית,1
,עטרת,1
,ניצן ב',1
,כוכב השחר,1
,מתתיהו,1
,כפר גלים,1
,טנא,1
,קדמה,1
,מבוא דותן,1
,גני מודיעין,1
,בית אריה,1
,קרני שומרון,1
,סוסיה,1
,חיננית,1
,עופרה,1
,בית רבן,1
,כוכב יעקב,1
,חולית,1
