settlement_code,settlement,rows
5000,תל אביב -יפו,250853
3000,ירושלים,183550
4000,חיפה,125738
7900,פתח תקווה,124367
8300,ראשון לציון,117457
9000,באר שבע,114012
7400,נתניה,108103
70,אשדוד,95742
7100,אשקלון,85523
8600,רמת גן,84697
6600,חולון,79451
8400,רחובות,65930
6200,בת ים,63403
6500,חדרה,53942
6100,בני ברק,50976
6400,הרצלייה,50741
2610,בית שמש,49684
1200,מודיעין-מכבים-רעות,43705
6900,כפר סבא,41169
7700,עפולה,38913
8700,רעננה,37171
9100,נהרייה,35170
2600,אילת,34847
2630,קריית גת,32721
9700,הוד השרון,31838
6800,קריית אתא,30993
7000,לוד,29466
6300,גבעתיים,27606
8200,קריית מוצקין,26139
8500,רמלה,26121
9500,קריית ביאליק,25409
6700,טבריה,24839
246,נתיבות,24510
2650,רמת השרון,23378
1139,כרמיאל,23369
2640,ראש העין,23121
7600,עכו,22843
7800,פרדס חנה-כרכור,21069
9600,קריית ים,20967
7200,נס ציונה,20635
2660,יבנה,20464
1061,נוף הגליל,19993
2620,קריית אונו,18844
31,אופקים,17487
2530,באר יעקב,17419
2200,דימונה,17091
2400,אור יהודה,16046
2560,ערד,15414
1031,שדרות,15384
2500,נשר,14942
,אלעד,14558
1309,אלעד,14558
,גדרה,14556
2550,גדרה,14556
,חריש,14162
1247,חריש,14162
,יהוד,13189
,צפת,12991
8000,צפת,12991
,גבעת שמואל,12776
681,גבעת שמואל,12776
2100,טירת כרמל,12032
,טירת כרמל,12032
9300,זכרון יעקב,11895
,זכרון יעקב,11895
,קריית מלאכי,11556
1034,קריית מלאכי,11556
,אור עקיבא,11179
1020,אור עקיבא,11179
,מגדל העמק,10953
874,מגדל העמק,10953
168,כפר יונה,10858
,כפר יונה,10858
166,גן יבנה,9471
,גן יבנה,9471
,יקנעם עילית,9166
240,יקנעם עילית,9166
,נצרת,9061
7300,נצרת,9061
2800,קריית שמונה,8466
,קריית שמונה,8466
,מבשרת ציון,8030
1015,מבשרת ציון,8030
1304,שוהם,7679
,שוהם,7679
,קרית חיים,7663
2300,קריית טבעון,7277
,קריית טבעון,7277
9200,בית שאן,7047
,בית שאן,7047
,מעלות-תרשיחא,6907
1063,מעלות-תרשיחא,6907
229,גני תקווה,6813
,גני תקווה,6813
,אום אל-פחם,6546
2710,אום אל-פחם,6546
,סח'נין,6532
7500,סח'נין,6532
,בנימינה-גבעת עדה,5918
9800,בנימינה-גבעת עדה,5918
529,אעבלין,5866
,אעבלין,5866
565,אזור,5777
,אזור,5777
494,דאלית אל-כרמל,5769
,דאלית אל-כרמל,5769
182,אבן יהודה,5527
,אבן יהודה,5527
,תל מונד,5467
154,תל מונד,5467
8800,שפרעם,5463
,שפרעם,5463
28,מזכרת בתיה,5421
,מזכרת בתיה,5421
195,קדימה-צורן,5160
,קדימה-צורן,5160
,עתלית,4655
53,עתלית,4655
,ירוחם,4424
831,ירוחם,4424
,רכסים,4157
922,רכסים,4157
,טמרה,3908
8900,טמרה,3908
,קצרין,3878
4100,קצרין,3878
,ריינה,3661
542,ריינה,3661
,עספיא,3651
534,עספיא,3651
,עראבה,3636
531,עראבה,3636
,מיתר,3408
1268,מיתר,3408
,טייבה,3405
2730,טייבה,3405
510,כפר מנדא,3395
,כפר מנדא,3395
,מג`ד אל-כרום,3288
516,מג`ד אל-כרום,3288
,רמת ישי,3285
122,רמת ישי,3285
,כפר כנא,3249
509,כפר כנא,3249
1113,צור הדסה,3080
,צור הדסה,3080
812,שלומי,3037
,שלומי,3037
,חצור הגלילית,3032
2034,חצור הגלילית,3032
666,עומר,2930
,עומר,2930
,קיסריה,2924
1167,קיסריה,2924
47,כפר תבור,2921
,כפר תבור,2921
,טורעאן,2792
498,טורעאן,2792
46,יבנאל,2787
,יבנאל,2787
481,מגאר,2712
,מגאר,2712
,מצפה רמון,2447
99,מצפה רמון,2447
,באקה אל-גרביה,2396
6000,באקה אל-גרביה,2396
,קריית עקרון,2355
469,קריית עקרון,2355
638,קלנסווה,2305
,קלנסווה,2305
485,ג'ולס,2281
,ג'ולס,2281
1066,"בני עי""ש",2277
,מעיליא,2277
518,מעיליא,2277
,"בני עי""ש",2277
,נצר סרני,2272
435,נצר סרני,2272
,בית ג'ן,2243
480,בית ג'ן,2243
65,מגדל,2224
,מגדל,2224
,,2171
,להבים,2118
1271,להבים,2118
,כפר ורדים,2056
1263,כפר ורדים,2056
532,עין מאהל,2029
,עין מאהל,2029
634,כפר קאסם,2014
,כפר קאסם,2014
,נחף,2008
522,נחף,2008
466,בית דגן,1967
,בית דגן,1967
502,ירכא,1963
,ירכא,1963
,כפר יאסיף,1959
507,כפר יאסיף,1959
,גבעת עדה,1947
,סביון*,1914
,יפיע,1888
499,יפיע,1888
,אבו סנאן,1865
473,אבו סנאן,1865
757,מצליח,1829
,מצליח,1829
543,ראמה,1828
,ראמה,1828
26,ראש פינה,1791
,ראש פינה,1791
1345,צור יצחק,1740
,צור יצחק,1740
,ג'ת,1721
628,ג'ת,1721
192,כפר החורש,1710
,צור נתן,1710
1148,צור נתן,1710
,כפר החורש,1710
,צורן,1702
1292,ג'דיידה-מכר,1634
,ג'דיידה-מכר,1634
2720,טירה,1633
,טירה,1633
,ערערה,1598
637,ערערה,1598
,דבוריה,1531
489,דבוריה,1531
171,פרדסיה,1528
,פרדסיה,1528
753,ינוב,1523
,ינוב,1523
,דייר חנא,1521
492,דייר חנא,1521
,מכבים-רעות,1509
,אכסאל,1495
478,אכסאל,1495
449,נחלים,1447
,נחלים,1447
559,בוסתן הגליל,1439
,בוסתן הגליל,1439
1319,בת חפר,1402
,בת חפר,1402
511,עילוט,1368
,עילוט,1368
,משהד,1363
520,משהד,1363
804,אחיסמך,1341
,אחיסמך,1341
1137,קריית יערים,1326
,קריית יערים,1326
,שדות ים,1315
327,שדות ים,1315
,כפר שמריהו,1314
267,כפר שמריהו,1314
,כוכב יאיר,1311
535,פסוטה,1288
,פסוטה,1288
525,סאג'ור,1272
,סאג'ור,1272
530,עיילבון,1233
,עיילבון,1233
1286,שגב-שלום,1160
483,בענה,1160
,שגב-שלום,1160
,בענה,1160
,אפק,1136
313,אפק,1136
,צור יגאל,1103
,ג'ש )גוש חלב(,1075
487,ג'ש )גוש חלב(,1075
,כאבול,1063
504,כאבול,1063
130,משמר העמק,996
,משמר העמק,996
,גליל ים,990
346,גליל ים,990
158,נען,960
,נען,960
,בן זכאי,951
760,בן זכאי,951
654,כפר קרע,949
,כפר קרע,949
,צהל,934
,עין כרמל,911
426,עין כרמל,911
633,כפר ברא,897
,כפר ברא,897
496,חורפיש,888
,חורפיש,888
359,ניצנים,880
,ניצנים,880
975,זרזיר,871
,זרזיר,871
,פוריידיס,859
537,פוריידיס,859
,רמת אפעל,851
,עין המפרץ,837
289,עין המפרץ,837
,שער אפרים,832
661,שער אפרים,832
1313,פוריה עילית,818
,פוריה עילית,818
,אליכין,816
41,אליכין,816
9400,יהוד-מונוסון,801
,יהוד-מונוסון,801
,יקנעם )מושבה(,791
241,יקנעם )מושבה(,791
,רשפון,772
247,רשפון,772
,בועיינה-נוג'ידאת,763
482,בועיינה-נוג'ידאת,763
,פקיעין )בוקייעה(,756
536,פקיעין )בוקייעה(,756
,יד חנה,743
758,יד חנה,743
,מרכז שפירא,742
1098,מרכז שפירא,742
,צור משה,736
276,צור משה,736
147,גבעת ברנר,734
,גבעת ברנר,734
,ג'סר א-זרקא,733
541,ג'סר א-זרקא,733
,ביר אל-מכסור,710
998,ביר אל-מכסור,710
,ניר גלים,706
720,ניר גלים,706
472,אבו גוש,705
,אבו גוש,705
,נחלת יהודה,694
,מרחביה )מושב(,678
97,מרחביה )מושב(,678
,גן נר,675
1274,גן נר,675
,תל עדשים,669
103,תל עדשים,669
,מ. א. מטה יהודה,667
,נופית,664
1284,נופית,664
,גבת,662
133,גבת,662
787,גבעת יערים,660
,גבעת יערים,660
490,דייר אל-אסד,659
,דייר אל-אסד,659
1327,מעלה עירון,650
,מעלה עירון,650
,שורש,645
456,שורש,645
,משמר הנגב,642
395,משמר הנגב,642
,מ. א. משגב,641
1161,רהט,640
,רהט,640
,שעב,638
538,שעב,638
,כפר מנחם,632
274,כפר מנחם,632
,גזר,630
370,גזר,630
,שדה ורבורג,626
284,שדה ורבורג,626
155,באר טוביה,619
,באר טוביה,619
,יאנוח-ג'ת,618
1295,יאנוח-ג'ת,618
2038,ברקת,618
,ברקת,618
,כאוכב אבו אל-היג'א,614
505,כאוכב אבו אל-היג'א,614
43,מטולה,613
,מטולה,613
23,אמציה,610
,אמציה,610
,שפיים,604
232,שפיים,604
,משגב,599
63,כנרת )מושבה(,587
,כנרת )מושבה(,587
1337,שמשית,576
,שמשית,576
,כסרא-סמיע,574
1296,כסרא-סמיע,574
1071,נווה מיכאל,568
,נווה מיכאל,568
,רמות השבים,567
206,רמות השבים,567
,נווה אפרים,566
389,בצרה,556
,בצרה,556
,ניצן,556
351,ניצן,556
432,שמרת,555
,שמרת,555
375,מגל,554
,מגל,554
242,בית השיטה,542
,בית השיטה,542
,ג'לג'וליה,541
627,ג'לג'וליה,541
,בית יצחק-שער חפר,530
326,בית יצחק-שער חפר,530
,בני דרור,530
386,בני דרור,530
1050,בית חשמונאי,528
,בית חשמונאי,528
1243,קציר,527
,קציר,527
,בסמת טבעון,522
944,בסמת טבעון,522
,חוסן,521
662,חוסן,521
,יסוד המעלה,518
29,יסוד המעלה,518
363,חפץ חיים,517
,חפץ חיים,517
335,רמת השופט,516
,רמת השופט,516
,גני הדר,514
1103,גני הדר,514
,מתן,506
1315,מתן,506
,מענית,495
,החותרים,495
434,החותרים,495
344,מענית,495
1128,מי עמי,491
,מי עמי,491
523,ניין,488
,ניין,488
,אלונים,487
278,אושה,487
285,אלונים,487
,אושה,487
,מכר,485
,תל יצחק,483
287,תל יצחק,483
,"כפר אז""ר",482
269,מולדת,480
,מולדת,480
577,יד בנימין,479
,יד בנימין,479
,רגבה,476
390,רגבה,476
693,"נתיב הל""ה",471
,מועאוויה,471
,"נתיב הל""ה",471
94,בלפוריה,469
,בלפוריה,469
2033,בית חלקיה,468
,בית חלקיה,468
,רוחמה,464
362,רוחמה,464
,עדי,461
1199,עדי,461
,בחן,457
2043,בחן,457
1056,"עין כרם-בי""ס חקלאי",454
1108,אומן,454
,אומן,454
,"עין כרם-בי""ס חקלאי",454
418,בני ציון,452
,בני ציון,452
,מאור,451
2055,מאור,451
447,נורדיה,449
,נורדיה,449
159,בית חנן,447
,בית חנן,447
440,יסודות,446
,יסודות,446
,גבעת אבני,445
1293,גבעת אבני,445
,לפיד,444
1310,לפיד,444
,נגבה,441
315,נגבה,441
49,אילניה,436
,אילניה,436
62,דגניה א',434
,דגניה א',434
,זמר,431
1290,זמר,431
675,הבונים,426
,הבונים,426
,שדה בוקר,424
885,שדה בוקר,424
,משמר דוד,421
563,משמר דוד,421
962,טובא-זנגריה,418
,טובא-זנגריה,418
,פוריה - נווה עובד,411
1105,פוריה - נווה עובד,411
613,ציפורי,410
,ציפורי,410
,שער העמקים,408
237,שער העמקים,408
254,כפר המכבי,407
,כפר המכבי,407
,עין שריד,407
880,עין שריד,407
825,נס הרים,405
340,גת )קיבוץ(,405
,גת )קיבוץ(,405
,נס הרים,405
,באר אורה,402
21,באר אורה,402
,חרב לאת,396
,אלוני אבא,396
422,חרב לאת,396
429,אלוני אבא,396
1110,חבר,390
,חבר,390
,גן שלמה,387
144,גן שלמה,387
635,מוקייבלה,385
,גת בגליל,385
,מוקייבלה,385
1204,גילון,384
282,שבי ציון,384
,שבי ציון,384
,גילון,384
,חספין,383
139,עין שמר,383
,עדנים,383
4005,חספין,383
,עין שמר,383
2035,עדנים,383
,מ. א. תמר,381
,מ. א. הגליל העליון,380
325,מצובה,379
,מצובה,379
400,אבן שמואל,376
33,בת שלמה,376
,בת שלמה,376
,אבן שמואל,376
,נווה אילן,375
405,נווה אילן,375
444,רגבים,375
,כרמים,375
,רגבים,375
1198,כרמים,375
,נהורה,374
309,נהורה,374
393,גלאון,374
,גלאון,374
579,כפר ראש הנקרה,373
,כפר ראש הנקרה,373
239,גן חיים,367
,גן חיים,367
48,מנחמיה,364
,מנחמיה,364
,הסוללים,359
677,הסוללים,359
259,שדה נחום,358
,שדה נחום,358
,יאנוח,356
1114,שריגים )לי-און(,356
2018,גבעת חיים )איחוד(,356
,גבעת חיים )איחוד(,356
,שריגים )לי-און(,356
95,בית אלפא,355
,בית אלפא,355
564,רבדים,353
,רבדים,353
199,אשדות יעקב )איחוד(,350
,אשדות יעקב )איחוד(,350
,כברי,348
576,כברי,348
,חפצי-בה,347
90,חפצי-בה,347
1188,אשחר,347
,אשחר,347
,גילת,346
736,גילת,346
,כפר הנשיא,345
443,כפר הנשיא,345
718,ירחיב,344
,ירחיב,344
235,חבצלת השרון,343
,חבצלת השרון,343
,עין איילה,341
687,עין איילה,341
692,שפיר,340
,שפיר,340
,דבירה,338
294,אילון,334
,קריית ענבים,334
78,קריית ענבים,334
,אילון,334
425,משמרת,331
,משמרת,331
,שריד,330
126,שריד,330
,בית ניר,329
115,חופית,329
,חופית,329
16,בית ניר,329
198,צופית,327
270,עין השופט,327
,צופית,327
,עין השופט,327
,שכניה,326
,מזרע,326
1160,שכניה,326
104,מזרע,326
445,רמות מנשה,326
436,עין דור,326
,רמות מנשה,326
,עין דור,326
524,נאעורה,325
,נאעורה,325
617,ברקאי,324
,ברקאי,324
,גדיידה,323
913,שבלי - אום אל-גנם,322
,שבלי - אום אל-גנם,322
,סלמה,320
1245,סלמה,320
,מוצא עילית,319
208,מוצא עילית,319
,תמרת,314
1244,תמרת,314
,שתולים,312
763,שתולים,312
,כפר דניאל,310
707,כפר דניאל,310
374,חוקוק,308
,חוקוק,308
771,מבוא ביתר,307
1257,חנתון,307
,חנתון,307
,מבוא ביתר,307
,כפר כמא,305
508,כפר כמא,305
,בת חצור,303
,מגידו,302
586,מגידו,302
,יסעור,302
575,יסעור,302
1288,גבעת אלה,301
,זלפה,301
,גבעת אלה,301
85,כפר יחזקאל,300
1207,לבון,300
,כפר יחזקאל,300
,לבון,300
,גן השומרון,299
92,גיניגר,299
225,גן השומרון,299
,גיניגר,299
407,דברת,298
,דברת,298
,כרמי יוסף,298
1264,כרמי יוסף,298
,הגושרים,295
356,הגושרים,295
,תלמי יפה,295
744,תלמי יפה,295
,גבעות בר,293
1344,גבעות בר,293
,יחיעם,292
409,יחיעם,292
,שדה יואב,290
293,שדה יואב,290
437,רשפים,288
,רשפים,288
1326,"בסמ""ה",287
,עין ורד,287
157,עין ורד,287
,כפר מסריק,287
,"בסמ""ה",287
,יפעת,287
134,יפעת,287
297,כפר מסריק,287
607,מירון,285
,מירון,285
978,כעביה-טבאש-חג'אג'רה,284
,חולתה,284
,כעביה-טבאש-חג'אג'רה,284
253,חולתה,284
,איילת השחר,283
77,איילת השחר,283
,"כפר חב""ד",282
696,"כפר חב""ד",282
,סולם,281
526,סולם,281
262,גינוסר,280
,גינוסר,280
256,ניר דוד )תל עמל(,278
,מסד,278
1258,מסד,278
,ניר דוד )תל עמל(,278
,חניתה,277
280,חניתה,277
,*קדימה-צורן*,275
562,בית אלעזרי,275
,בית אלעזרי,275
701,ארבל,274
,ארבל,274
806,עין יהב,274
,עין יהב,274
66,מרחביה )קיבוץ(,273
517,מזרעה,273
,מזרעה,273
,מרחביה )קיבוץ(,273
591,עשרת,271
572,בית העמק,271
,בית העמק,271
,עשרת,271
423,העוגן,271
,העוגן,271
18,שדה משה,271
,שדה משה,271
416,מעין ברוך,270
213,משמרות,270
,משמרות,270
,מעין ברוך,270
305,גשר,268
,אבטין,268
652,אבטין,268
,גשר,268
160,חולדה,267
,חולדה,267
,רם-און,267
1069,רם-און,267
,גזית,265
457,גזית,265
723,בית הגדי,263
,בית הגדי,263
1171,לוטם,262
,לוטם,262
1080,מבועים,261
175,אביחיל,261
,אביחיל,261
,מבועים,261
,מבקיעים,261
573,מבקיעים,261
1178,מורשת,260
,טל-אל,260
1181,טל-אל,260
,מורשת,260
,ברור חיל,259
428,ברור חיל,259
1176,ספיר,259
,ספיר,259
,להבות הבשן,258
,כפר נטר,258
380,להבות הבשן,258
316,כפר נטר,258
24,לכיש,257
,לכיש,257
,הודיה,253
,געש,253
842,געש,253
726,הודיה,253
388,כפר קיש,252
,כפר קיש,252
,קלחים,252
414,קלחים,252
663,טירת יהודה,251
,טירת יהודה,251
1336,אירוס,250
,גבע כרמל,250
683,גבע כרמל,250
,כפר יהושע,250
,הושעיה,250
,אירוס,250
140,כפר יהושע,250
1186,הושעיה,250
,ביצרון,247
234,ביצרון,247
861,שדה אליעזר,246
,שדה אליעזר,246
,לוזית,245
599,פרוד,245
52,לוזית,245
,פרוד,245
1145,אלומה,244
,אלומה,244
357,כפר בלום,244
,כפר בלום,244
856,שעלבים,244
,שעלבים,244
1275,אבטליון,241
,אבטליון,241
1070,אביעזר,240
,אביעזר,240
,מסלול,239
748,מסלול,239
,שובל,238
394,שובל,238
,בית עמרא,237
,דפנה,237
302,דפנה,237
163,תימורים,235
,תימורים,235
,טירת צבי,234
268,טירת צבי,234
,כפר יעבץ,234
170,כפר יעבץ,234
385,עמיעד,233
,עמיעד,233
,בני יהודה,232
,אשלים,232
1152,אשלים,232
4015,בני יהודה,232
,נחם,232
809,נחם,232
,כפר הס,231
,כפר סירקין,231
249,כפר סירקין,231
187,כפר הס,231
,לוחמי הגיטאות,230
595,לוחמי הגיטאות,230
,כוכב מיכאל,230
824,כוכב מיכאל,230
,שדה נחמיה,229
377,המעפיל,229
329,שדה נחמיה,229
,המעפיל,229
768,כרמיה,228
,כרמיה,228
,בית לחם הגלילית,225
430,בית לחם הגלילית,225
,עין יעקב,225
813,עין יעקב,225
1104,פוריה - כפר עבודה,224
,פוריה - כפר עבודה,224
1047,חזון,224
,חזון,224
1221,צורית,223
1226,יובלים,223
,צורית,223
,יובלים,223
,עצמון שגב,222
917,עצמון שגב,222
,כפר ידידיה,221
57,כנרת )קבוצה(,221
233,כפר ידידיה,221
,כנרת )קבוצה(,221
801,חמד,219
,חמד,219
689,מגדים,219
,מגדים,219
740,אשתאול,218
,אשתאול,218
615,קדרון,217
292,שרונה,217
190,כפר ויתקין,217
,קדרון,217
,שרונה,217
,כפר ויתקין,217
,ערוגות,217
593,ערוגות,217
442,גדעונה,216
408,נאות מרדכי,216
,גני יהודה,216
,גדעונה,216
,נאות מרדכי,216
,בית שקמה,215
597,פלמחים,215
,משמר הירדן,215
732,משמר הירדן,215
747,בית שקמה,215
,פלמחים,215
,מעגן,214
320,כפר ורבורג,214
678,מעגן,214
,כפר ורבורג,214
592,בני דרום,211
,בני דרום,211
,שורשים,211
255,כפר חיטים,211
,כפר חיטים,211
1235,שורשים,211
919,גבעת ישעיהו,210
,גבעת ישעיהו,210
,כורזים,209
1252,כורזים,209
1054,תל שבע,209
,תל שבע,209
690,כפר אחים,208
4026,חד-נס,208
,כפר אחים,208
219,חיבת ציון,208
,חיבת ציון,208
,חד-נס,208
870,גבעת השלושה,207
,עין צורים,207
,גבעת השלושה,207
1182,אלון הגליל,207
,כפר רופין,207
,אלון הגליל,207
295,כפר רופין,207
,זיתן,207
788,זיתן,207
622,עין צורים,207
,מנוחה,205
,תל קציר,205
2030,מנוחה,205
719,תל קציר,205
,אדרת,204
1123,אדרת,204
888,"כפר הרי""ף",204
,אשבול,204
308,מחניים,204
,מחניים,204
,"כפר הרי""ף",204
71,אשבול,204
,כמון,203
1201,כמון,203
,עמיר,202
330,אלומות,202
,חגלה,202
319,עמיר,202
44,זוהר,202
205,חגלה,202
,זוהר,202
,אלומות,202
,עין העמק,201
367,עין העמק,201
,דן,201
218,גני עם,201
,גני עם,201
,מושיירפה,201
303,דן,201
1057,נווה זוהר,200
,נבטים,200
217,"כפר הרא""ה",200
396,נבטים,200
,"כפר הרא""ה",200
,נווה זוהר,200
67,אור הנר,199
749,פטיש,199
,אור הנר,199
,פטיש,199
672,בית נקופה,199
,מוצא תחתית,199
,נהלל,199
,בית נקופה,199
80,נהלל,199
,גיאה,198
706,גיאה,198
382,מכמורת,197
,דגניה ב',197
98,"כפר מל""ל",197
,"כפר מל""ל",197
79,דגניה ב',197
,מכמורת,197
,אבו ג'ווייעד )שבט(,197
967,אבו ג'ווייעד )שבט(,197
,אשרת,196
1256,אשרת,196
673,כפר טרומן,195
174,נטעים,195
,נטעים,195
,כפר טרומן,195
59,נחושה,194
,נחושה,194
769,ניר עציון,193
,ניר עציון,193
1172,תובל,192
,תובל,192
177,"כפר ביל""ו",191
,עין אל-אסד,191
,"כפר ביל""ו",191
546,עין אל-אסד,191
1228,רקפת,190
,יודפת,190
,משמר השבעה,190
1112,יודפת,190
,רקפת,190
729,משמר השבעה,190
,רמת דוד,189
,דקל,189
,אביאל,189
1241,דקל,189
679,אביאל,189
135,רמת דוד,189
,"יד רמב""ם",189
64,"יד רמב""ם",189
,עוזייר,188
528,עוזייר,188
,תלמי יחיאל,186
727,תלמי יחיאל,186
,עזריקם,185
312,נווה ים,185
817,עזריקם,185
,שחר,185
7,שחר,185
,נווה ים,185
684,היוגב,184
,רביבים,184
,היוגב,184
,ביתר עילית,184
354,רביבים,184
3780,ביתר עילית,184
2023,להב,183
2060,ברוש,183
,להב,183
,אמונים,183
815,זבדיאל,183
,ברוש,183
,זבדיאל,183
772,אמונים,183
,מעוז חיים,182
838,פדיה,182
,נחשון,182
1165,שילת,182
,פדיה,182
,שילת,182
272,מעוז חיים,182
777,נחשון,182
,כפר בן נון,181
2010,כפר בן נון,181
594,צפריה,181
,מצר,181
,כפר סמיע,181
648,מצר,181
,צפריה,181
1331,כמאנה,180
,עין הבשור,180
1240,עין הבשור,180
,כמאנה,180
,כפר ביאליק,180
220,כפר ביאליק,180
,כיסרא,179
,זרועה,179
2064,זרועה,179
,בית קשת,179
342,גברעם,179
,גברעם,179
365,בית קשת,179
176,אפיקים,178
,אפיקים,178
36,שדה דוד,177
,שדה דוד,177
800,בית חנניה,177
76,כפר גלעדי,177
,בית חנניה,177
,כפר גלעדי,177
,עמיקם,177
773,עמיקם,177
,מ. א. גן רוה,175
,תלמי אלעזר,175
2003,תלמי אלעזר,175
,חרוצים,174
1024,חרוצים,174
1272,חלוץ,173
,ניר צבי,173
,גן יאשיה,173
,הררית,173
1203,הררית,173
,עין איברהים,173
734,גן יאשיה,173
,חלוץ,173
,אחוזת ברק,173
331,ניר צבי,173
1330,אחוזת ברק,173
686,נווה ימין,172
521,עין נקובא,172
,"כרם מהר""ל",172
,נווה ימין,172
580,"כרם מהר""ל",172
,סגולה,172
2046,סגולה,172
,עין נקובא,172
,קרית יערים)מוסד(,171
2039,קרית יערים)מוסד(,171
,איבתאן,170
2048,ניר עקיבא,169
,ניר עקיבא,169
387,כפר מונש,168
,כפר מונש,168
,מייסר,168
649,מייסר,168
,יפתח,167
1249,הרדוף,167
453,יפתח,167
,הרדוף,167
1183,כליל,166
1132,שניר,166
194,משמר השרון,166
,משמר השרון,166
,כליל,166
,שניר,166
850,אחיטוב,165
,מלכיה,165
,להבות חביבה,165
715,להבות חביבה,165
,אחיטוב,165
596,מלכיה,165
,תנובות,164
,ימא,164
1068,אדמית,164
2002,תנובות,164
,אדמית,164
,ניר ישראל,164
699,ניר ישראל,164
,בקוע,163
864,בקוע,163
,מסילת ציון,162
,מגן שאול,162
188,אשדות יעקב )מאוחד(,162
,חירות,162
742,מסילת ציון,162
1368,בני דקלים,162
,אשדות יעקב )מאוחד(,162
339,רמת צבי,162
,רמת צבי,162
,מרגה,162
1155,מגן שאול,162
,בני דקלים,162
162,חירות,162
2061,תדהר,161
588,בני ראם,161
1192,ערערה-בנגב,161
,גונן,161
852,גונן,161
,ערערה-בנגב,161
,תדהר,161
,בני ראם,161
590,נווה אור,160
,קדרים,160
1211,קדרים,160
1064,אמירים,160
,אמירים,160
,נווה אור,160
865,שיבולים,159
,שיבולים,159
2045,נחלה,159
,נחלה,159
,חלץ,159
132,כפר ברוך,159
,כפר ברוך,159
820,חלץ,159
795,יערה,158
,מ. א. הגליל התחתון,158
,יערה,158
,מ. א. חבל יבנה,158
1206,גיתה,157
,גיתה,157
730,אליפלט,157
,אליפלט,157
785,אחיהוד,156
1253,אמנון,156
,דליה,156
300,דליה,156
,אמנון,156
,אחיהוד,156
398,שרשרת,156
,שרשרת,156
1179,קורנית,155
,קורנית,155
,מכמנים,154
,חמדיה,154
1202,מכמנים,154
343,חמדיה,154
710,בית זית,154
,בית זית,154
,נחשולים,153
,יד נתן,153
433,נחשולים,153
,שדה צבי,153
,"מצפה אבי""ב",153
2049,שדה צבי,153
1222,"מצפה אבי""ב",153
775,יד נתן,153
,חצב,151
700,חצב,151
,לביא,150
,מעש,150
,ביתן אהרן,150
,בצת,150
252,ביתן אהרן,150
589,בצת,150
230,מעש,150
585,לביא,150
,חצבה,149
13,חצבה,149
,מ. א. מרום הגליל,149
606,מזור,148
,מזור,148
263,מסדה,148
,מסדה,148
383,"עין הנצי""ב",147
439,שלוחות,147
,רומאנה,147
,שלוחות,147
539,רומאנה,147
682,אליקים,147
,אליקים,147
,"עין הנצי""ב",147
808,ניר אליהו,146
298,מסילות,146
,ניר אליהו,146
818,זרחיה,146
,אבן ספיר,146
2012,אורות,146
,זרחיה,146
,אורות,146
,מסילות,146
783,אבן ספיר,146
,עין חרוד )מאוחד(,145
2015,שדי חמד,145
82,עין חרוד )מאוחד(,145
,שדי חמד,145
,לימן,145
674,לימן,145
,עזריאל,144
2013,בן שמן )מושב(,144
858,נווה ירק,144
,בן שמן )מושב(,144
837,עזריאל,144
,נווה ירק,144
200,בית ינאי,143
,בית ינאי,143
2014,גבעולים,143
1303,חורה,143
,גבעולים,143
1236,נירית,143
,נירית,143
,חורה,143
737,עולש,141
793,גבעתי,141
,עולש,141
,גבעתי,141
,ניצני עוז,140
11,"ניר ח""ן",140
,בית יהושע,140
,"ניר ח""ן",140
851,ניצני עוז,140
288,בית יהושע,140
310,כפר גליקסון,139
,כפר גליקסון,139
,מ. א. בקעת בית שאן,139
143,בית זרע,138
,הזורעים,138
307,הזורעים,138
446,אודים,138
819,אביגדור,138
,אודים,138
,אביגדור,138
,בית זרע,138
,בית גוברין,137
,אורה,137
780,אורה,137
619,בית גוברין,137
141,ברק,136
,מחנה גבעת חנניה,136
,ברק,136
802,"גבעת כ""ח",135
,"גבעת כ""ח",135
,רמת רזיאל,135
460,רמת רזיאל,135
,מעלה החמישה,134
1314,נווה זיו,134
,נווה זיו,134
286,מעלה החמישה,134
1095,כפר מימון,133
,יעד,133
1138,יעד,133
,כפר מימון,133
1233,שקף,133
,ריחאניה,133
,לבנים,133
,בארותיים,133
540,ריחאניה,133
722,מגשימים,133
1230,לבנים,133
,מגשימים,133
,שקף,133
697,בארותיים,133
751,בית מאיר,132
368,ביריה,132
,בית מאיר,132
,ביריה,132
,שדה יעקב,131
1210,כחל,131
142,שדה יעקב,131
,כחל,131
,שייח' דנון,130
,רמת חובב,130
658,שייח' דנון,130
,אומץ,129
680,אומץ,129
,בית עריף,129
604,בית עריף,129
,יבול,128
,פורת,128
605,כפר שמאי,128
,קוממיות,128
,נירים,128
602,נירים,128
1232,יבול,128
767,פורת,128
,כפר שמאי,128
766,קוממיות,128
,דורות,128
336,דורות,128
828,ישרש,127
1174,מנוף,127
1143,נס עמים,127
1323,בת הדר,127
,מנוף,127
,טפחות,127
,נס עמים,127
1214,טפחות,127
,ישרש,127
,בת הדר,127
,עין הוד,126
,שדמות דבורה,126
306,שדמות דבורה,126
74,עין הוד,126
,גפן,125
845,כפר עזה,125
,כפר עזה,125
39,גפן,125
,ינון,124
791,משען,124
2011,ינון,124
58,מצפה,124
,מצפה,124
,משען,124
,כפר סאלד,124
553,ניר בנים,124
,ניר בנים,124
345,כפר סאלד,124
721,שדה אילן,124
,שדה אילן,124
2050,"תלמי ביל""ו",123
,"תלמי ביל""ו",123
,רמות מאיר,122
705,נחשונים,122
750,פדויים,122
735,רמות מאיר,122
,פדויים,122
,נחשונים,122
,חגור,121
165,ניר יפה,121
,ניר יפה,121
,משגב דב,121
,שדי תרומות,121
717,חגור,121
2057,שדי תרומות,121
765,משגב דב,121
4702,רמות,120
4021,גבעת יואב,120
248,בית שערים,120
,רמות,120
,גבעת יואב,120
,בית שערים,120
833,נורית,119
421,משאבי שדה,119
,משאבי שדה,119
,נורית,119
,אודם,118
4010,אודם,118
1376,באר גנים,117
,באר גנים,117
816,זנוח,116
,שדה אליהו,116
,גבעת עוז,116
,זנוח,116
,בית עזרא,116
304,שדה אליהו,116
703,גבעת עוז,116
756,בית עזרא,116
189,כפר פינס,115
610,סתריה,115
862,גני יוחנן,115
,טללים,115
,כפר פינס,115
,גני יוחנן,115
1177,טללים,115
,סתריה,115
1158,יהל,114
,גאליה,114
853,גאליה,114
,יהל,114
598,בית קמה,113
4022,גשור,113
,כפר זיתים,113
,ניר עם,113
,גשור,113
,בית קמה,113
348,ניר עם,113
,עארה,113
786,כפר זיתים,113
685,בניה,112
836,גנות,112
360,"גבעת ניל""י",112
,דחי,112
,"גבעת ניל""י",112
,אניעם,112
,נוה,112
475,דחי,112
,בית דג'ן)שכם(,112
1366,נוה,112
877,בית חירות,112
,גנות,112
,בניה,112
4012,אניעם,112
,בית חירות,112
4701,רמת מגשימים,111
,רמת מגשימים,111
,מבוא מודיעים,110
448,בני עטרות,110
1141,מבוא מודיעים,110
,בורגתה,110
,אחוזם,110
821,אחוזם,110
,בני עטרות,110
698,בורגתה,110
1262,צוקים,110
,צוקים,110
,מעלה גלבוע,109
,נוגה,109
55,נוגה,109
1127,מעלה גלבוע,109
1333,נוף איילון,109
,נוף איילון,109
,גשר הזיו,109
574,גשר הזיו,109
,זיקים,108
584,זיקים,108
,כפר חנניה,107
571,בית גמליאל,107
,בית גמליאל,107
1297,כפר חנניה,107
,ח'ואלד )שבט(,106
,צרופה,106
986,ח'ואלד )שבט(,106
,צנדלה,106
636,צנדלה,106
,גאולים,106
612,צרופה,106
379,גאולים,106
,ארז,105
,נאות גולן,105
4551,נאות גולן,105
,רעים,105
713,רעים,105
714,ארז,105
301,בית עוזיאל,104
,בית עוזיאל,104
,אפיניש )שבט(,104
959,אפיניש )שבט(,104
,בית עובד,103
,צוחר,103
,עופר,103
,נווה איתן,103
296,נווה איתן,103
810,עופר,103
202,בית עובד,103
,יזרעאל,103
1340,מרחב עם,103
1136,צוחר,103
,טייבה )בעמק(,103
,מרחב עם,103
497,טייבה )בעמק(,103
452,יזרעאל,103
,עמינדב,102
779,עמינדב,102
196,גיבתון,102
,גיבתון,102
,תלמים,102
814,תלמים,102
,רתמים,101
,זכריה,101
799,זכריה,101
1260,רתמים,101
,יציץ,101
759,יציץ,101
,נוב,101
4304,נוב,101
,שער הנגב,100
,ביר א סכה,100
,שדה עוזיהו,100
840,כיסופים,100
,כיסופים,100
739,שדה עוזיהו,100
789,רנן,100
,מורן,100
1163,מורן,100
,רנן,100
,גן שורק,99
,שדה יצחק,99
618,חדיד,99
2008,שדה יצחק,99
311,גן שורק,99
,חדיד,99
,מדרך עוז,97
1205,מנות,97
,כפר שמואל,97
2029,מדרך עוז,97
,מנות,97
743,כפר שמואל,97
,גדיש,97
,בית רימון,97
145,גדיש,97
1162,בית רימון,97
,בן עמי,96
1072,גן הדרום,96
712,בן עמי,96
,גן הדרום,96
2009,יובל,95
,בר יוחאי,95
1191,בר יוחאי,95
,יובל,95
1149,עזר,95
,עזר,95
,כנף,94
1082,מעגלים,94
,מעין צבי,94
290,מעין צבי,94
4028,כנף,94
764,כפר מרדכי,94
,כפר מרדכי,94
,מעגלים,94
,עזריה,93
191,הדר עם,93
,מצפה נטופה,93
1190,מצפה נטופה,93
711,עזריה,93
,דלתון,93
,נחל עוז,93
,תאשור,93
,הדר עם,93
844,נחל עוז,93
,עין החורש,93
167,עין החורש,93
204,אלישיב,93
2062,תאשור,93
,אלישיב,93
431,דלתון,93
745,גמזו,92
4003,אל-רום,92
,גמזו,92
,אל-רום,92
,כפר אביב,92
857,כפר אביב,92
,האון,91
,גבולות,91
352,גבולות,91
,מישר,91
,מדרשת בן גוריון,91
702,האון,91
1140,מדרשת בן גוריון,91
731,מישר,91
4004,כפר חרוב,89
,עינת,89
871,עינת,89
,יעל,89
,מ. א. באר טוביה,89
,כפר חרוב,89
1117,יעל,89
1283,תל תאומים,88
112,כפר חסידים א',88
,כפר חסידים א',88
,תל תאומים,88
,טל שחר,87
792,נתיב השיירה,87
846,שפר,87
462,טל שחר,87
2016,רוויה,87
,רוויה,87
,שפר,87
,נתיב השיירה,87
,אלישמע,86
417,יקום,86
841,אלישמע,86
,יקום,86
,שואבה,85
,אחיעזר,85
797,אחיעזר,85
741,שואבה,85
,מ. א. ברנר,85
784,בית נחמיה,85
,בית נחמיה,85
,פתחיה,84
839,פתחיה,84
146,דבורה,83
,דבורה,83
,מבוא חמה,82
997,רומת הייב,82
,מטע,82
,רומת הייב,82
4204,מבוא חמה,82
822,מטע,82
,אלמגור,81
378,משגב עם,81
1125,אלמגור,81
,משגב עם,81
1180,צביה,80
,מ. א. עמק לוד,80
4101,מרום גולן,80
,רווחה,80
,צביה,80
,מרום גולן,80
2051,רווחה,80
567,צרעה,79
,פלך,79
,"פעמי תש""ז",79
,צרעה,79
2059,"פעמי תש""ז",79
1185,פלך,79
,זמרת,79
1065,זמרת,79
,מלילות,78
2044,מלילות,78
106,כפר גדעון,78
,מעונה,78
,מ. א. חוף אשקלון,78
,מ. א. מטה אשר,78
,כפר גדעון,78
,בית אורן,78
317,בית אורן,78
570,מעונה,78
,בטחה,77
2042,עין גדי,77
,עמקה,77
916,ישע,77
708,עמקה,77
762,בטחה,77
,ישע,77
,כלנית,77
,סואעד )חמרייה(,77
,עין גדי,77
1229,כלנית,77
4014,נטור,76
,נטור,76
,בר גיורא,75
823,בר גיורא,75
,הילה,75
1208,הילה,75
,עין זיוון,74
1209,חרשים,74
32,עוצם,74
738,דור,74
,עוצם,74
555,שדמה,74
,שדמה,74
,גינתון,74
863,גינתון,74
,חרשים,74
4503,עין זיוון,74
,דור,74
,צלפון,73
,פרי גן,73
,איתן,73
796,צלפון,73
,סער,73
1231,פרי גן,73
454,סער,73
37,איתן,73
4024,קלע,72
2026,ירדנה,72
,ירדנה,72
,קלע,72
1058,שדה ניצן,71
,אייל,71
716,אייל,71
1133,ורדון,71
,ורדון,71
,שדה ניצן,71
,חניאל,71
807,חניאל,71
265,בית יוסף,70
,כפר הנגיד,70
,בית יוסף,70
,אבו קורינאת )שבט(,70
968,אבו קורינאת )שבט(,70
,הר עמשא,70
,חלף,70
582,כפר הנגיד,70
1259,נווה שלום,70
,נווה שלום,70
1261,הר עמשא,70
512,כפר מצר,69
,תושיה,69
,"עמק יזרעאל מ""א 31",69
,כפר מצר,69
,ישעי,69
1083,תושיה,69
805,ישעי,69
993,חמאם,68
,צבעון,68
,אבשלום,68
1213,צבעון,68
,חמאם,68
1311,אבשלום,68
1227,יתד,67
,יתד,67
,מירב,66
,יושיביה,66
746,ברכיה,66
,ברכיה,66
803,יושיביה,66
1282,מירב,66
1324,ארסוף,65
,משמר איילון,65
,ארסוף,65
1151,פארן,65
,פארן,65
,טבעון,65
670,משמר איילון,65
,מ. א. גזר,64
,שאר ישוב,64
10,תירוש,64
324,שאר ישוב,64
,תירוש,64
,געתון,63
463,געתון,63
,אבירים,62
,קדמת צבי,62
,רמות נפתלי,62
1220,אבירים,62
,רחוב,62
372,רמות נפתלי,62
854,רחוב,62
4025,קדמת צבי,62
84,תל יוסף,61
,תל יוסף,61
2024,אום אל-קוטוף,61
,מנשית זבדה,61
994,מנשית זבדה,61
,אום אל-קוטוף,61
,שעל,60
4009,שעל,60
665,תקומה,60
,מ. א. מגידו,60
,תקומה,60
173,גבעת חיים )מאוחד(,59
,גבעת חיים )מאוחד(,59
,כרמי קטיף,59
,אביטל,59
1374,כרמי קטיף,59
2052,אביטל,59
,אפיק,58
2047,ניר משה,58
4301,אפיק,58
364,כפר אוריה,58
,ניר משה,58
990,ראס עלי,58
,חג'אג'רה*,58
,כפר אוריה,58
,ראס עלי,58
623,יראון,57
609,כפר חושן,57
,גורנות הגליל,57
1219,גורנות הגליל,57
,כפר חושן,57
,יראון,57
873,שלווה,56
,יגל,56
798,יגל,56
1046,אוהד,56
,מנרה,56
,שלווה,56
347,מנרה,56
,אוהד,56
,שובה,55
,בני נצרים,55
761,שובה,55
1363,בני נצרים,55
,"דרום השרון מ""א 02",55
,ביאדה,54
,מלאה,54
193,כפר חיים,54
,אבן מנחם,54
,כפר חיים,54
164,מלאה,54
1081,אבן מנחם,54
,גדות,53
35,גדות,53
1238,סופה,52
549,גנות הדר,52
,עין זיתים,52
,סופה,52
424,גבים,52
,גנות הדר,52
,גבים,52
,כישור,51
,ברטעה,51
1153,כישור,51
4303,"נווה אטי""ב",50
,מיטל,50
,"נווה אטי""ב",50
1154,מיטל,50
,כפר רות,50
827,נווה מבטח,50
,גבע,50
,נווה מבטח,50
86,גבע,50
1166,כפר רות,50
,לוטן,49
1255,לוטן,49
,גבעת שפירא,48
1077,גבעת שפירא,48
,מרגליות,48
4006,קשת,48
843,מרגליות,48
,שומרה,48
614,שומרה,48
,קשת,48
,עין ראפה,47
514,עין ראפה,47
,כרכום,46
1285,כרכום,46
,מ. א. עמק יזרעאל,45
1060,לקיה,45
4011,אבני איתן,45
,לקיה,45
,אבני איתן,45
,מיצר,45
4019,מיצר,45
,נטועה,44
,ניצני סיני,44
,מעלה גמלא,44
1364,שלומית,44
1280,ניצני סיני,44
1147,נטועה,44
,שלומית,44
4008,מעלה גמלא,44
,צופר,43
1150,צופר,43
,סעד,43
,רינתיה,43
616,רינתיה,43
419,סעד,43
,מכחול,42
,גת רימון,42
128,גת רימון,42
,מיטב,42
2054,מיטב,42
1343,מכחול,42
,עראמשה,41
,עידן,41
1246,עראמשה,41
1175,עידן,41
,*צוקים*,40
,דישון,40
,רמת טראמפ,40
113,אדירים,40
4017,אלוני הבשן,40
,עין תמר,40
223,עין עירון,40
2063,דישון,40
1251,עין תמר,40
,אלוני הבשן,40
,עין עירון,40
,אדירים,40
,עכברה,39
,תלמי מנשה,39
,זובידאת )שבט(,39
,אליפז,39
1248,אליפז,39
,עלמה,38
,מ. א. יואב,38
,עין גב,38
,כפר גבירול,38
688,עלמה,38
273,עין גב,38
,"דוב""ב",37
1067,"דוב""ב",37
,"עמק חפר מזרח מ""א 61",36
,לפידות,36
1173,לפידות,36
,מ. א. עמק הירדן,36
,אלי-עד,35
207,"גבעת ח""ן",35
,עבדון,35
4002,אלי-עד,35
,פקיעין חדשה,35
,"גבעת ח""ן",35
892,עבדון,35
281,פקיעין חדשה,35
,סמר,34
2053,פרזון,34
,פרזון,34
794,עגור,34
,עגור,34
1156,סמר,34
,ניסנית,33
,שני,33
1124,נאות הכיכר,33
322,בית הלל,33
,שזור,33
,צפרירים,33
1287,שני,33
,בית הלל,33
778,תרום,33
527,שזור,33
,תרום,33
,נאות הכיכר,33
1079,צפרירים,33
1223,שדי אברהם,32
,שדי אברהם,32
,מ. א. רמת נגב,32
1317,דמיידה,31
,שתולה,31
,גני טל,31
,דמיידה,31
464,הראל,31
,הראל,31
1371,גני טל,31
183,ירקונה,31
1045,שתולה,31
,סאלם,31
,ירקונה,31
,שמיר,30
,*עראבה*,30
,מ. א. חוף השרון,30
,יונתן,30
826,עוזה,30
,עוזה,30
366,שמיר,30
2006,כנות,30
,טמרה )יזרעאל(,30
547,טמרה )יזרעאל(,30
1242,נתיב העשרה,30
4007,יונתן,30
,כנות,30
,מוצמוץ,30
,נתיב העשרה,30
664,כרם בן זמרה,29
,חצור-אשדוד,29
859,כסלון,29
,כרם בן זמרה,29
,שדות מיכה,29
,כסלון,29
27,שדות מיכה,29
406,חצור-אשדוד,29
,אחווה,28
355,חורשים,28
,חורשים,28
1157,אחווה,28
755,גורן,27
,חברון,27
,כפר חסידים ב',27
,גורן,27
3400,חברון,27
889,כפר חסידים ב',27
1085,כרם שלום,26
,אילות,26
1126,אילות,26
,נטף,26
1254,נטף,26
,כרם שלום,26
,גן שמואל,25
72,גן שמואל,25
1115,אביבים,25
,אביבים,25
,"גליל תחתון מז מ""א 2",25
774,צוריאל,24
,מבטחים,24
,עין השלושה,24
,צוריאל,24
829,מבטחים,24
127,רמת רחל,24
1184,מתת,24
1051,תלמי אליהו,24
,מ. א. חבל מודיעין,24
,ניצנה )קהילת חינוך(,24
676,עין השלושה,24
,רמת רחל,24
,מתת,24
,תלמי אליהו,24
1195,ניצנה )קהילת חינוך(,24
,כפר אל עוברה,23
257,נופך,23
866,יטבתה,23
,נטע,23
,נופך,23
,יטבתה,23
1369,נטע,23
1130,כפר רוזנואלד )זרעית(,22
,כפר רוזנואלד )זרעית(,22
,אום אל-גנם,22
,מבחור,21
,ביר הדאג',21
1348,ביר הדאג',21
,"עמק יזרעאל מ""א 9",21
3797,מודיעין עילית,20
,מ. א. נחל שורק,20
,מודיעין עילית,20
,מ.א. נווה מדבר,20
,כסיפה,19
,מ. א. שפיר,19
,גבעת זאב,19
3730,גבעת זאב,19
,ליבנה,19
1059,כסיפה,19
,שוקדה,18
1102,צוקי ים,18
,עיינות,18
156,עיינות,18
415,שוקדה,18
,באר מילכה,18
,צוקי ים,18
1278,באר מילכה,18
1349,דריג'את,17
,מ.א. חוף הכרמל,17
371,כדורי,17
,שושנת העמקים,17
224,שושנת העמקים,17
,דריג'את,17
358,יד מרדכי,17
,גיזו,17
,כדורי,17
1043,גיזו,17
,יד מרדכי,17
96,יגור,16
,צמח,16
,מ. א. בני שמעון,16
,יגור,16
,תעשיון גליל תחתון,16
,"עמק יזרעאל מ""א 8",16
,מחסיה,16
,מ. א. מנשה,16
776,מחסיה,16
603,אלקוש,15
1359,אל סייד,15
,אל סייד,15
,מ. א. לכיש,15
,"גליל עליון מז מ""א 1",15
,אלקוש,15
1294,אור הגנוז,14
,טבאש,14
,יזרעם,14
752,תעוז,14
,אור הגנוז,14
,עין בוקק,14
,סדום,14
,תעוז,14
,"דרום השרון מ""א 81",14
3656,כרמל,14
,כרמל,14
373,בית הלוי,13
,צובה,13
,מג'דל שמס,13
465,צובה,13
,מ. א. חבל אילות,13
,"בקעת נטופה מ""א 65",13
,בית הלוי,13
4201,מג'דל שמס,13
,באקה-ג'ת**,13
,יכיני,12
,אליאב,12
,רמת הכובש,12
,יעף,12
1361,בת חן,12
,כמהין,12
1044,יעף,12
,מ. א. שדות הנגב,12
811,יכיני,12
1365,אליאב,12
1291,כמהין,12
184,רמת הכובש,12
,בת חן,12
3750,אלפי מנשה,11
403,אורים,11
3616,מעלה אדומים,11
3722,אשכולות,11
250,הזורע,11
,מעלה אדומים,11
970,תראבין א-צאנע )שבט(,11
,אורים,11
,אלפי מנשה,11
,רמת יוחנן,11
,יחד,11
,תראבין א-צאנע )שבט(,11
,ג'דידה,11
,אשכולות,11
178,רמת יוחנן,11
,הזורע,11
450,בארות יצחק,10
,מ. א. מרחבים,10
1358,אום בטין,10
,אום בטין,10
,מסמיה,10
,מ. א. מעלה יוסף,10
,בארות יצחק,10
,מסעדה,9
,אבו קרינאת )יישוב(,9
,חוסנייה,9
1332,חוסנייה,9
,מעגן מיכאל,9
,עין חמד,9
264,שער הגולן,9
,נצר חזני,9
,אליעד,9
694,מעגן מיכאל,9
,קריות,9
1372,נצר חזני,9
,שער הגולן,9
1362,גבעות עדן,9
1342,אבו קרינאת )יישוב(,9
4203,מסעדה,9
,גבעות עדן,9
,גאולי תימן,8
3568,ריחן,8
,מ. א. זבולון,8
,מ. א. שער הנגב,8
,מ. א. גולן,8
,ריחן,8
872,גאולי תימן,8
,*מגדל תפן*,8
,מ. א. דרום השרון,8
4502,עין קנייא,7
,פארק תעשיות חבל מודיעים,7
3769,הר אדר,7
709,תפרח,7
,ברורים,7
,משואות יצחק,7
1321,ח'ואלד,7
620,משואות יצחק,7
,ים המלח - בתי מלון,7
,הר אדר,7
,מ. א. אשכול,7
,תפרח,7
,עין קנייא,7
,ח'ואלד,7
,נאות סמדר,6
1320,עין חוד,6
,שבי דרום,6
1197,נאות סמדר,6
,מאיר שפיה,6
102,מאיר שפיה,6
1377,שבי דרום,6
,מעלה אפרים,6
3608,מעלה אפרים,6
,עין חוד,6
,פארק תעשיות עמק חפר,6
1265,שומריה,6
,הר גילה,6
,שומריה,6
3603,הר גילה,6
,כרם בן שמן,5
,תלמי יוסף,5
1134,יד השמונה,5
,ורד יריחו,5
,מ. מ. רמת חובב,5
,יד השמונה,5
,זיתא,5
88,כרם בן שמן,5
334,קבוצת יבנה,5
,נווה חריף,5
,קבוצת יבנה,5
,עד הלום,5
,עברון,5
3639,ורד יריחו,5
376,עברון,5
1279,נווה חריף,5
1237,תלמי יוסף,5
3570,אריאל,4
668,מפלסים,4
,יתיר,4
,בית ברל,4
,ראס אל-עין,4
,מגן,4
,מפלסים,4
,נועם,4
1378,שיזף,4
3650,אפרת,4
4013,אורטל,4
,כפר עבודה,4
,עין חרוד )איחוד(,4
,עמיעוז,4
3759,אדורה,4
1375,אבו תלול,4
,תעשיון ראם*,4
875,כפר עבודה,4
,ביכורה,4
89,עין חרוד )איחוד(,4
,רימונים,4
1076,בית ברל,4
15,נועם,4
3660,עמנואל,4
3565,רימונים,4
1334,ראס אל-עין,4
,אבו דיס,4
,כפר עקב,4
,אבו תלול,4
,אדורה,4
,אורטל,4
,כפר אהרון,4
695,מגן,4
,אפרת,4
318,עמיעוז,4
,שיזף,4
,עמנואל,4
,אריאל,4
3574,בית אל,3
,תראבין א-צאנע)ישוב(,3
1346,תראבין א-צאנע)ישוב(,3
1052,קטורה,3
,קטורה,3
397,חצרים,3
,תענך,3
,בוקעאתא,3
,סנסנה,3
,כפר סילבר,3
,צאלים,3
4001,בוקעאתא,3
369,גלעד )אבן יצחק(,3
,מ. א. עמק חפר,3
,עין קיניא,3
,רותם,3
,אבו סריחאן )שבט(,3
,הדסים,3
,גלעד )אבן יצחק(,3
,קרית חרושת,3
,מ. א. הגלבוע,3
,מ. א. הערבה התיכונה,3
,"אזור כינרות מ""א 3",3
,תומר,3
935,אבו סריחאן )שבט(,3
3777,סנסנה,3
,תל אל-בידא,3
3782,רותם,3
,בית אל,3
,חצרים,3
413,צאלים,3
3558,תומר,3
107,כפר סילבר,3
3763,גבע בנימין,2
3770,חשמונאים,2
,פארק תעשיות עידן הנג,2
1053,עין חצבה,2
,"גליל תחתון מז של""ש",2
,שחרות,2
,חשמונאים,2
3719,תלם,2
,גבע בנימין,2
,מקווה ישראל,2
,"עמק בית שאן מ""א 7",2
22,מקווה ישראל,2
,תלם,2
,ברעם,2
,שגור**,2
3604,אלון שבות,2
,"גליל תחתון מז מ""א 6",2
402,ניר יצחק,2
,בארי,2
,אבו עבדון )שבט(,2
1266,שחרות,2
,ג'אבליה /נזלה,2
,פדואל,2
,אלון שבות,2
,אזור תעסוקה משגב,2
,עלי זהב,2
,עלי,2
,"אזור באר שבע מ""א 14",2
958,אבו עבדון )שבט(,2
,תל,2
1225,רביד,2
,"אזור פתח תקוה של""ש",2
,*קלע*,2
399,בארי,2
3765,עלי,2
,נחל שורק,2
3727,עלי זהב,2
1111,צופיה,2
3768,פדואל,2
578,סאסא,2
1042,אבו עמאר )שבט(,2
921,שער מנשה,2
,"הערבה מ""א 15",2
,צופיה,2
,מ. א. אל-בטוף,2
,שער מנשה,2
,עין חצבה,2
,כפר נחום,2
,"אזור זכרון יעקב מ""א 51",2
,ניר יצחק,2
,נחל צלמון,2
,אבו עמאר )שבט(,2
,נגידאת,2
,רביד,2
1196,מחנה יתיר,2
667,ברעם,2
,סאסא,2
,מחנה יתיר,2
,פארק תעשיות רמת דלתון,2
,מחנה יבור,2
,מוסמוס,2
,מ.א. אל קסום,2
1129,גרופית,1
,פלוגות,1
,ניצן ב',1
,עלמון,1
,שילה,1
,תל חי,1
,עטרת,1
2021,אשל הנשיא,1
,תעשיון בינימין*,1
,עופרה,1
,קרן,1
,"נפת ירדן מ""א 47",1
,ערב אל ווהב,1
,סוסיה,1
3658,עטרת,1
,מ. א. מטה בנימין,1
,מ. א. בוסתאן אל מרג',1
,מפעלי גליל עליון,1
,מצדות יהודה,1
,מרכז אזורי מרום הגליל,1
,עארורה,1
,מבוא דותן,1
,עמריה,1
,ערב אל היב,1
,קרית בנימין,1
,קרני שומרון,1
,חרבת אבו חמיש,1
,חיננית,1
,"אזור רמת גן מ""א 42",1
,"הר הנגב הדרומי מ""א 35",1
,דרום יהודה,1
,באקה א-שרקיה,1
,גיתית,1
,"גולן דרומי מ""א 17",1
,בת עין,1
,בר-לב,1
,בית ליד,1
,אשל הנשיא,1
,מתתיהו,1
,נווה דקלים,1
,סנסנה*,1
3560,אלקנה,1
3756,סוסיה,1
3823,גני מודיעין,1
961,אבו רוקייק )שבט(,1
3652,בית אריה,1
3641,שילה,1
,"אזור יקנעם מ""א 31",1
,"אזור יקנעם מ""א 9",1
3617,עופרה,1
3564,כוכב השחר,1
1367,כחלה,1
,עין א-סהלה,1
1239,חולית,1
,ברקא,1
,ג'למה,1
,"גליל תחתון מז מ""א 3",1
,שבטה,1
,קריית שדה התעופה,1
,ואדי אל-ועד,1
,"פארק הירדן מ""א 6",1
,כפר גלים,1
,ג'ית,1
,ג'לג'יליא,1
,"אזור נהריה של""ש",1
3643,חיננית,1
,"אזור פתח תקווה מ""א 02",1
,"אזור פתח תקווה מ""א 52",1
,"אזור שפרעם מ""א 65",1
,"אזור תל אביב של""ש",1
,אלקנה,1
3794,בת עין,1
,בית אריה,1
,בית רבן,1
3648,מתתיהו,1
,"גליל עליון מז מ""א 2",1
,"אזור בשור מ""א 83",1
3613,גיתית,1
,גני מודיעין,1
3569,מבוא דותן,1
,חולית,1
,חרוב,1
,טנא,1
,כוכב השחר,1
,כוכב יעקב,1
,כחלה,1
,"אזור לכיש מ""א 05",1
,"אזור באר שבע מ""א 15",1
,"אזור כרמיאל מ""א 2",1
3709,מבוא חורון,1
,אורון,1
,"דרום השרון של""ש",1
897,מדרשת רופין,1
848,בית רבן,1
3715,עלמון,1
392,קדמה,1
3787,נעלה,1
3779,כוכב יעקב,1
3743,טנא,1
1419,ניצן ב',1
,אוריאל,1
,מ. א. לב השרון,1
,מבוא חורון,1
,מדרשת רופין,1
427,כפר גלים,1
3640,קרני שומרון,1
,נעלה,1
,קדמה,1
,תעשיון חצב*,1
,אבו רוקייק )שבט(,1
,גרופית,1
