name,versions,path,url,rows,bytes,sha256
8500 — רמלה,5,data/raw/over_fd06f5ae/files/v1/012e46c3_8500.csv,https://pub-63c02556dabd4956af9500eb8fe7198c.r2.dev/datasets/fd06f5ae-8a4f-4120-b275-8a514ad23499/v1/012e46c3_8500.csv,26121,3220225,8ab031ae6da3f0ed65d934eb4d57f1d24dc10c0c611a623f47b6e1194d8e230e
7800 — פרדס חנה-כרכור,5,data/raw/over_fd06f5ae/files/v1/0184c923_7800.csv,https://pub-63c02556dabd4956af9500eb8fe7198c.r2.dev/datasets/fd06f5ae-8a4f-4120-b275-8a514ad23499/v1/0184c923_7800.csv,21069,2960844,c605c5cf216983b8d71308ccb17a47cb1acdae5e566cdef734aa2ec9836dea46
6700 — טבריה,5,data/raw/over_fd06f5ae/files/v1/0645241c_6700.csv,https://pub-63c02556dabd4956af9500eb8fe7198c.r2.dev/datasets/fd06f5ae-8a4f-4120-b275-8a514ad23499/v1/0645241c_6700.csv,24839,3101819,f4db77bc0b0833ae789db2cbf5c34052718b4cd09d776af2445c06c1ce900c54
6500 — חדרה,5,data/raw/over_fd06f5ae/files/v1/0703e78b_6500.csv,https://pub-63c02556dabd4956af9500eb8fe7198c.r2.dev/datasets/fd06f5ae-8a4f-4120-b275-8a514ad23499/v1/0703e78b_6500.csv,53942,6624704,dcb36429455a2f1f704b10fdb5dc4ac00cf69eef5b0e41a9cdb4d3511f08453c
8200 — קריית מוצקין,5,data/raw/over_fd06f5ae/files/v1/083b2327_8200.csv,https://pub-63c02556dabd4956af9500eb8fe7198c.r2.dev/datasets/fd06f5ae-8a4f-4120-b275-8a514ad23499/v1/083b2327_8200.csv,26139,3678121,340c096aca8f9542fea988877904add7e36303f9e712ce9949b281a97303a100
1061 — נוף הגליל,5,data/raw/over_fd06f5ae/files/v1/09f0d6d7_1061.csv,https://pub-63c02556dabd4956af9500eb8fe7198c.r2.dev/datasets/fd06f5ae-8a4f-4120-b275-8a514ad23499/v1/09f0d6d7_1061.csv,19993,2651875,146271e58d9db514cf935f7f58836c41a183b1c0288e48feffef0ec629beab07
8600 — רמת גן,5,data/raw/over_fd06f5ae/files/v1/0e77964c_8600.csv,https://pub-63c02556dabd4956af9500eb8fe7198c.r2.dev/datasets/fd06f5ae-8a4f-4120-b275-8a514ad23499/v1/0e77964c_8600.csv,84697,10664381,9e270f03f493f6db0b13635aab81500d1ace9c73f8746520ae767b5560ce1c0d
9000 — באר שבע,5,data/raw/over_fd06f5ae/files/v1/10938081_9000.csv,https://pub-63c02556dabd4956af9500eb8fe7198c.r2.dev/datasets/fd06f5ae-8a4f-4120-b275-8a514ad23499/v1/10938081_9000.csv,114012,14751962,a88ab60dfb995c42446a9191666e822d276bdc6f05029981573e446b681750c5
2620 — קריית אונו,5,data/raw/over_fd06f5ae/files/v1/16eae629_2620.csv,https://pub-63c02556dabd4956af9500eb8fe7198c.r2.dev/datasets/fd06f5ae-8a4f-4120-b275-8a514ad23499/v1/16eae629_2620.csv,18844,2538338,2c4ccc52901d14744b45cf491b17fd2cbb2bbade67bbc6ca2979ae70c23e49f1
1200 — מודיעין-מכבים-רעות,5,data/raw/over_fd06f5ae/files/v1/1c2746a4_1200.csv,https://pub-63c02556dabd4956af9500eb8fe7198c.r2.dev/datasets/fd06f5ae-8a4f-4120-b275-8a514ad23499/v1/1c2746a4_1200.csv,43705,6547308,1f819f06e887ad73daad20cd3aa043114a76fd1ffb95347193cf2e1fa3039a9a
2660 — יבנה,5,data/raw/over_fd06f5ae/files/v1/1f20f9ab_2660.csv,https://pub-63c02556dabd4956af9500eb8fe7198c.r2.dev/datasets/fd06f5ae-8a4f-4120-b275-8a514ad23499/v1/1f20f9ab_2660.csv,20464,2547487,989297cfa286826206f4e0595e2b85edc217ae096c26abcd5f71c6eaf838025b
4000 — חיפה,5,data/raw/over_fd06f5ae/files/v1/2128d347_4000.csv,https://pub-63c02556dabd4956af9500eb8fe7198c.r2.dev/datasets/fd06f5ae-8a4f-4120-b275-8a514ad23499/v1/2128d347_4000.csv,125738,15587627,f20c3df4a66660954923c511d6183ed4a9f9abff734af3533e006bee8dad1153
9600 — קריית ים,5,data/raw/over_fd06f5ae/files/v1/2f536e40_9600.csv,https://pub-63c02556dabd4956af9500eb8fe7198c.r2.dev/datasets/fd06f5ae-8a4f-4120-b275-8a514ad23499/v1/2f536e40_9600.csv,20967,2779879,6292dd1e55d9cdff47a124f4620c7a08d524cdaefe363502bfd1a77e4fcc45d4
2530 — באר יעקב,5,data/raw/over_fd06f5ae/files/v1/3543d580_2530.csv,https://pub-63c02556dabd4956af9500eb8fe7198c.r2.dev/datasets/fd06f5ae-8a4f-4120-b275-8a514ad23499/v1/3543d580_2530.csv,17419,2308717,e8d20605e8c6e9b783efca75e063535b6ddec0ab8f716422ee897e26ef086781
2640 — ראש העין,5,data/raw/over_fd06f5ae/files/v1/41844d27_2640.csv,https://pub-63c02556dabd4956af9500eb8fe7198c.r2.dev/datasets/fd06f5ae-8a4f-4120-b275-8a514ad23499/v1/41844d27_2640.csv,23121,3025771,b1199175703f0206ef72d6f87f5f625bdbe6bdd04cf2f3318c77b03195a9a8d9
7400 — נתניה,5,data/raw/over_fd06f5ae/files/v1/46e06885_7400.csv,https://pub-63c02556dabd4956af9500eb8fe7198c.r2.dev/datasets/fd06f5ae-8a4f-4120-b275-8a514ad23499/v1/46e06885_7400.csv,108103,13570875,a66525a43e1af0887ae35cfe64d40767f6bc93fffd44085ce9029b2ae4169318
5000 — תל אביב -יפו,5,data/raw/over_fd06f5ae/files/v1/524396a2_5000.csv,https://pub-63c02556dabd4956af9500eb8fe7198c.r2.dev/datasets/fd06f5ae-8a4f-4120-b275-8a514ad23499/v1/524396a2_5000.csv,250853,33682339,18d389807e0798928ea17d275340eb23b2857141b0e21cc35ba0d9c99f197d1b
6900 — כפר סבא,5,data/raw/over_fd06f5ae/files/v1/5aef1b0d_6900.csv,https://pub-63c02556dabd4956af9500eb8fe7198c.r2.dev/datasets/fd06f5ae-8a4f-4120-b275-8a514ad23499/v1/5aef1b0d_6900.csv,41169,5234859,d10795e85f24e1baad5f161b8af9cdfe573ac68f1a31e3f90d0e2dd43fd5ccb8
8300 — ראשון לציון,5,data/raw/over_fd06f5ae/files/v1/5b3054a4_8300.csv,https://pub-63c02556dabd4956af9500eb8fe7198c.r2.dev/datasets/fd06f5ae-8a4f-4120-b275-8a514ad23499/v1/5b3054a4_8300.csv,117457,15789373,ade7e0b210afc3c94e89368e4c94212f4bd4dd17e2ce80ef84f3dfe4188560b4
7100 — אשקלון,5,data/raw/over_fd06f5ae/files/v1/60a15ce2_7100.csv,https://pub-63c02556dabd4956af9500eb8fe7198c.r2.dev/datasets/fd06f5ae-8a4f-4120-b275-8a514ad23499/v1/60a15ce2_7100.csv,85523,10914978,c5b8ee0d770cd793c4014ec4c1f4a297b2006b573c321cab59b5eae72e1c0ed8
2200 — דימונה,5,data/raw/over_fd06f5ae/files/v1/65ceddbf_2200.csv,https://pub-63c02556dabd4956af9500eb8fe7198c.r2.dev/datasets/fd06f5ae-8a4f-4120-b275-8a514ad23499/v1/65ceddbf_2200.csv,17091,2178032,5346588f10a348918872a663070493b3c511fe46e219da5a58e18beb497fd22d
7000 — לוד,5,data/raw/over_fd06f5ae/files/v1/674957c8_7000.csv,https://pub-63c02556dabd4956af9500eb8fe7198c.r2.dev/datasets/fd06f5ae-8a4f-4120-b275-8a514ad23499/v1/674957c8_7000.csv,29466,3585766,0ce1cc43f00158cc0e7940e4568bea8d9822f6976b210ffe9c4baea515134a6b
6300 — גבעתיים,5,data/raw/over_fd06f5ae/files/v1/67ee4ee9_6300.csv,https://pub-63c02556dabd4956af9500eb8fe7198c.r2.dev/datasets/fd06f5ae-8a4f-4120-b275-8a514ad23499/v1/67ee4ee9_6300.csv,27606,3582274,2bab0dc5e25d0b5f8e5d891c968aea02c594bbab0d8b33810813e0dd7016abd1
2400 — אור יהודה,5,data/raw/over_fd06f5ae/files/v1/6b9b70af_2400.csv,https://pub-63c02556dabd4956af9500eb8fe7198c.r2.dev/datasets/fd06f5ae-8a4f-4120-b275-8a514ad23499/v1/6b9b70af_2400.csv,16046,2110752,badae35dce2004f6388da9ccf7abd1702f12be9f72a5c96305834d47b3dadb30
7700 — עפולה,5,data/raw/over_fd06f5ae/files/v1/78a0b1ce_7700.csv,https://pub-63c02556dabd4956af9500eb8fe7198c.r2.dev/datasets/fd06f5ae-8a4f-4120-b275-8a514ad23499/v1/78a0b1ce_7700.csv,38913,4878650,cdda643dfee8f265b3c98e67a6e7ab515f61674f02831d852ba4375ffde43d0e
9100 — נהרייה,5,data/raw/over_fd06f5ae/files/v1/7d75ea35_9100.csv,https://pub-63c02556dabd4956af9500eb8fe7198c.r2.dev/datasets/fd06f5ae-8a4f-4120-b275-8a514ad23499/v1/7d75ea35_9100.csv,35170,4513082,8f772e4260dcb82c2eacb671d43304dbc52c39c5182b3a3f92a4716523814cda
246 — נתיבות,5,data/raw/over_fd06f5ae/files/v1/7e60fd75_246.csv,https://pub-63c02556dabd4956af9500eb8fe7198c.r2.dev/datasets/fd06f5ae-8a4f-4120-b275-8a514ad23499/v1/7e60fd75_246.csv,24510,3120527,6f5a90f0f5e1c8c96609938223e69724c70bb1952d1ee321df6784a79a44f139
7600 — עכו,5,data/raw/over_fd06f5ae/files/v1/80d62f02_7600.csv,https://pub-63c02556dabd4956af9500eb8fe7198c.r2.dev/datasets/fd06f5ae-8a4f-4120-b275-8a514ad23499/v1/80d62f02_7600.csv,22843,2792762,11dc9b2007d20b75f14674ae9f0e98723bf766801ebbab238d316dd615950a7e
2560 — ערד,5,data/raw/over_fd06f5ae/files/v1/836fa072_2560.csv,https://pub-63c02556dabd4956af9500eb8fe7198c.r2.dev/datasets/fd06f5ae-8a4f-4120-b275-8a514ad23499/v1/836fa072_2560.csv,15414,1864468,f7116bbfc6e566b09cfe6ec67ad6bbd2264369aa406b2fa5d292a6c1f0e78117
2630 — קריית גת,5,data/raw/over_fd06f5ae/files/v1/8e980794_2630.csv,https://pub-63c02556dabd4956af9500eb8fe7198c.r2.dev/datasets/fd06f5ae-8a4f-4120-b275-8a514ad23499/v1/8e980794_2630.csv,32721,4281532,08a0e379369a1cd925ea128acf799febf6308bae8047601d4b01a8ff6ef3d885
8600 — רמת גן,"4,3,2,1",data/raw/over_fd06f5ae/files/v1/90c0fb89_8600.csv,https://pub-63c02556dabd4956af9500eb8fe7198c.r2.dev/datasets/fd06f5ae-8a4f-4120-b275-8a514ad23499/v1/90c0fb89_8600.csv,84697,10664381,9e270f03f493f6db0b13635aab81500d1ace9c73f8746520ae767b5560ce1c0d
6200 — בת ים,5,data/raw/over_fd06f5ae/files/v1/9f5b4d7c_6200.csv,https://pub-63c02556dabd4956af9500eb8fe7198c.r2.dev/datasets/fd06f5ae-8a4f-4120-b275-8a514ad23499/v1/9f5b4d7c_6200.csv,63403,7936101,9071d83d12495666ec65fce60392f93426d9b844e9b093997bd93837c7a9da51
0 — יתר היישובים,5,data/raw/over_fd06f5ae/files/v1/a60d26a4_0.csv,https://pub-63c02556dabd4956af9500eb8fe7198c.r2.dev/datasets/fd06f5ae-8a4f-4120-b275-8a514ad23499/v1/a60d26a4_0.csv,674340,82471262,056fad72f76534c4809e8ffb45fc4c0be5f3760d7d7e4311881de3471c8a1ded
2610 — בית שמש,5,data/raw/over_fd06f5ae/files/v1/a8e19c23_2610.csv,https://pub-63c02556dabd4956af9500eb8fe7198c.r2.dev/datasets/fd06f5ae-8a4f-4120-b275-8a514ad23499/v1/a8e19c23_2610.csv,49684,6423898,df76373b3eace11ad06a78672e89e0312e07dec27f558e00e07b635ee95ad73c
1031 — שדרות,5,data/raw/over_fd06f5ae/files/v1/b1ec0bba_1031.csv,https://pub-63c02556dabd4956af9500eb8fe7198c.r2.dev/datasets/fd06f5ae-8a4f-4120-b275-8a514ad23499/v1/b1ec0bba_1031.csv,15384,1922939,7cf1e8ee50775b8e6be31c4f42509a936c731d3be5ef189d180e1f5dfbfefe12
6800 — קריית אתא,5,data/raw/over_fd06f5ae/files/v1/b451e4ea_6800.csv,https://pub-63c02556dabd4956af9500eb8fe7198c.r2.dev/datasets/fd06f5ae-8a4f-4120-b275-8a514ad23499/v1/b451e4ea_6800.csv,30993,4112978,9aa91f1a26917bc8137fdb2275a7442f75f5b26dffa4f22f4c7d36a42978ac81
70 — אשדוד,5,data/raw/over_fd06f5ae/files/v1/b61722ef_70.csv,https://pub-63c02556dabd4956af9500eb8fe7198c.r2.dev/datasets/fd06f5ae-8a4f-4120-b275-8a514ad23499/v1/b61722ef_70.csv,95742,11707558,7496c14d6870c2ebcba9293c0e2c8df9e5a824a9922b8b2cc97a688e4a8597f7
7200 — נס ציונה,5,data/raw/over_fd06f5ae/files/v1/c4940422_7200.csv,https://pub-63c02556dabd4956af9500eb8fe7198c.r2.dev/datasets/fd06f5ae-8a4f-4120-b275-8a514ad23499/v1/c4940422_7200.csv,20635,2630780,42715657069f1ae9f87b8eb2e06c40be7017e57a050ae4d9e41b3980babc09e5
7900 — פתח תקווה,5,data/raw/over_fd06f5ae/files/v1/c6e8276f_7900.csv,https://pub-63c02556dabd4956af9500eb8fe7198c.r2.dev/datasets/fd06f5ae-8a4f-4120-b275-8a514ad23499/v1/c6e8276f_7900.csv,124367,16477027,2f18780a9dd703b42a7c505878dd642c3e5b9fa905893ec7199847e309f1a9f4
1139 — כרמיאל,5,data/raw/over_fd06f5ae/files/v1/c849d498_1139.csv,https://pub-63c02556dabd4956af9500eb8fe7198c.r2.dev/datasets/fd06f5ae-8a4f-4120-b275-8a514ad23499/v1/c849d498_1139.csv,23369,2989539,009d238b72ad5fd0c3d4829a901d565ea85df21931c7f345b435defbca94dd6c
2650 — רמת השרון,5,data/raw/over_fd06f5ae/files/v1/c85da3c3_2650.csv,https://pub-63c02556dabd4956af9500eb8fe7198c.r2.dev/datasets/fd06f5ae-8a4f-4120-b275-8a514ad23499/v1/c85da3c3_2650.csv,23378,3050580,fb8c08283ff6a3d1cca402402d5f5eb3c7f88eb2a53370b503d48f57013e0bef
3000 — ירושלים,5,data/raw/over_fd06f5ae/files/v1/cbb30a56_3000.csv,https://pub-63c02556dabd4956af9500eb8fe7198c.r2.dev/datasets/fd06f5ae-8a4f-4120-b275-8a514ad23499/v1/cbb30a56_3000.csv,183550,23914902,9f61fa94a8084c2569e20e95473048350116b2892882635a072d8dd4f5d70b55
9500 — קריית ביאליק,5,data/raw/over_fd06f5ae/files/v1/cf37095d_9500.csv,https://pub-63c02556dabd4956af9500eb8fe7198c.r2.dev/datasets/fd06f5ae-8a4f-4120-b275-8a514ad23499/v1/cf37095d_9500.csv,25409,3556676,7f20b50fe0d12adb85649df8620d5ffc1ddea4be62014b5b4bfd8f0015994437
6600 — חולון,5,data/raw/over_fd06f5ae/files/v1/d175dbc5_6600.csv,https://pub-63c02556dabd4956af9500eb8fe7198c.r2.dev/datasets/fd06f5ae-8a4f-4120-b275-8a514ad23499/v1/d175dbc5_6600.csv,79451,9882161,867b1aa599d9b5b8c508af71f9c984c3cdc5246737862c663a80958c5ee8de84
2600 — אילת,5,data/raw/over_fd06f5ae/files/v1/e428291c_2600.csv,https://pub-63c02556dabd4956af9500eb8fe7198c.r2.dev/datasets/fd06f5ae-8a4f-4120-b275-8a514ad23499/v1/e428291c_2600.csv,34847,4307675,d48c60fb7ea737f1299077751b3549dfc6200e258ba725a558fc9e1e443335f2
6100 — בני ברק,5,data/raw/over_fd06f5ae/files/v1/e5b2ed05_6100.csv,https://pub-63c02556dabd4956af9500eb8fe7198c.r2.dev/datasets/fd06f5ae-8a4f-4120-b275-8a514ad23499/v1/e5b2ed05_6100.csv,50976,6546760,d438984a79c004c0a5ca5d845cfb34d6dab98617ca61175de2c6af67f5e1ce1f
8400 — רחובות,5,data/raw/over_fd06f5ae/files/v1/e82f9855_8400.csv,https://pub-63c02556dabd4956af9500eb8fe7198c.r2.dev/datasets/fd06f5ae-8a4f-4120-b275-8a514ad23499/v1/e82f9855_8400.csv,65930,8368511,2f8e54fed4f8691280d60d8ce8285a7ece1b4c0cc64e2b44dfa2bee40119c2ba
9700 — הוד השרון,5,data/raw/over_fd06f5ae/files/v1/e876830c_9700.csv,https://pub-63c02556dabd4956af9500eb8fe7198c.r2.dev/datasets/fd06f5ae-8a4f-4120-b275-8a514ad23499/v1/e876830c_9700.csv,31838,4119933,3a3f2ecc1e0500a9fb1fd6be174c6b8dd33fb06231e7e58f8e1f99880f626341
31 — אופקים,5,data/raw/over_fd06f5ae/files/v1/ed4e33ac_31.csv,https://pub-63c02556dabd4956af9500eb8fe7198c.r2.dev/datasets/fd06f5ae-8a4f-4120-b275-8a514ad23499/v1/ed4e33ac_31.csv,17487,2196153,b6c5c6ec62d5a1e890fb639da56111e6c27b1f1d41684bf2ba45a84f4d0a46e6
8700 — רעננה,5,data/raw/over_fd06f5ae/files/v1/f8feee24_8700.csv,https://pub-63c02556dabd4956af9500eb8fe7198c.r2.dev/datasets/fd06f5ae-8a4f-4120-b275-8a514ad23499/v1/f8feee24_8700.csv,37171,4613712,82e3f9233cb78484a05e59a05c4b52376e544a491391809cf1eee52d44e7aef2
2500 — נשר,5,data/raw/over_fd06f5ae/files/v1/f9ab536d_2500.csv,https://pub-63c02556dabd4956af9500eb8fe7198c.r2.dev/datasets/fd06f5ae-8a4f-4120-b275-8a514ad23499/v1/f9ab536d_2500.csv,14942,1824051,3e4ee8b078cc10d8e5178c8159a6db11220b4ccabdc31a80a7e5777880fdc9b9
6400 — הרצלייה,5,data/raw/over_fd06f5ae/files/v1/fb6e60d9_6400.csv,https://pub-63c02556dabd4956af9500eb8fe7198c.r2.dev/datasets/fd06f5ae-8a4f-4120-b275-8a514ad23499/v1/fb6e60d9_6400.csv,50741,6484805,5f628bc8b30b30756210c2d8463afb62d8647cce03255101aa2f7609f421e7c8
3000 — ירושלים,"4,3,2",data/raw/over_fd06f5ae/files/v2/1e680fc8_3000.csv,https://pub-63c02556dabd4956af9500eb8fe7198c.r2.dev/datasets/fd06f5ae-8a4f-4120-b275-8a514ad23499/v2/1e680fc8_3000.csv,183550,23914902,9f61fa94a8084c2569e20e95473048350116b2892882635a072d8dd4f5d70b55
9000 — באר שבע,"3,2",data/raw/over_fd06f5ae/files/v2/39fe76b5_9000.csv,https://pub-63c02556dabd4956af9500eb8fe7198c.r2.dev/datasets/fd06f5ae-8a4f-4120-b275-8a514ad23499/v2/39fe76b5_9000.csv,113829,14728401,06b032500e11ca70d2ffa801aa86d8565789af894105e5d72956ee015dac6c3b
7400 — נתניה,"4,3,2",data/raw/over_fd06f5ae/files/v2/6152acc5_7400.csv,https://pub-63c02556dabd4956af9500eb8fe7198c.r2.dev/datasets/fd06f5ae-8a4f-4120-b275-8a514ad23499/v2/6152acc5_7400.csv,108103,13570875,a66525a43e1af0887ae35cfe64d40767f6bc93fffd44085ce9029b2ae4169318
8300 — ראשון לציון,"4,3,2",data/raw/over_fd06f5ae/files/v2/865d1f67_8300.csv,https://pub-63c02556dabd4956af9500eb8fe7198c.r2.dev/datasets/fd06f5ae-8a4f-4120-b275-8a514ad23499/v2/865d1f67_8300.csv,117457,15789373,ade7e0b210afc3c94e89368e4c94212f4bd4dd17e2ce80ef84f3dfe4188560b4
4000 — חיפה,"4,3,2",data/raw/over_fd06f5ae/files/v2/8f1d9d1e_4000.csv,https://pub-63c02556dabd4956af9500eb8fe7198c.r2.dev/datasets/fd06f5ae-8a4f-4120-b275-8a514ad23499/v2/8f1d9d1e_4000.csv,125738,15587627,f20c3df4a66660954923c511d6183ed4a9f9abff734af3533e006bee8dad1153
5000 — תל אביב -יפו,"3,2",data/raw/over_fd06f5ae/files/v2/a078416a_5000.csv,https://pub-63c02556dabd4956af9500eb8fe7198c.r2.dev/datasets/fd06f5ae-8a4f-4120-b275-8a514ad23499/v2/a078416a_5000.csv,250852,33682218,4bbccf76ea0209e91bb5d49b24c7bcb03878f1aa53bae2651461c84f80043bfa
7900 — פתח תקווה,"3,2",data/raw/over_fd06f5ae/files/v2/bf95c13a_7900.csv,https://pub-63c02556dabd4956af9500eb8fe7198c.r2.dev/datasets/fd06f5ae-8a4f-4120-b275-8a514ad23499/v2/bf95c13a_7900.csv,124359,16475917,5cb977b54aeb4fcf27c223cde62f98bb749ee03fce58b77ea5237ada97a537ff
7100 — אשקלון,"3,2",data/raw/over_fd06f5ae/files/v2/c9aa0c2c_7100.csv,https://pub-63c02556dabd4956af9500eb8fe7198c.r2.dev/datasets/fd06f5ae-8a4f-4120-b275-8a514ad23499/v2/c9aa0c2c_7100.csv,85405,10899540,a815a644abd1dd99bb12c6fb64dd85abc7221f765a853d93440445bae1113056
70 — אשדוד,"4,3,2",data/raw/over_fd06f5ae/files/v2/fdee0b2e_70.csv,https://pub-63c02556dabd4956af9500eb8fe7198c.r2.dev/datasets/fd06f5ae-8a4f-4120-b275-8a514ad23499/v2/fdee0b2e_70.csv,95734,11706535,f554429e780957a50a58e91635d1cb31e1339fd0c40eda2ef2471712524df46d
2620 — קריית אונו,"4,3",data/raw/over_fd06f5ae/files/v3/06882f3b_2620.csv,https://pub-63c02556dabd4956af9500eb8fe7198c.r2.dev/datasets/fd06f5ae-8a4f-4120-b275-8a514ad23499/v3/06882f3b_2620.csv,18844,2538338,2c4ccc52901d14744b45cf491b17fd2cbb2bbade67bbc6ca2979ae70c23e49f1
8500 — רמלה,"4,3",data/raw/over_fd06f5ae/files/v3/07360cbd_8500.csv,https://pub-63c02556dabd4956af9500eb8fe7198c.r2.dev/datasets/fd06f5ae-8a4f-4120-b275-8a514ad23499/v3/07360cbd_8500.csv,26121,3220225,8ab031ae6da3f0ed65d934eb4d57f1d24dc10c0c611a623f47b6e1194d8e230e
2650 — רמת השרון,"4,3",data/raw/over_fd06f5ae/files/v3/11b48767_2650.csv,https://pub-63c02556dabd4956af9500eb8fe7198c.r2.dev/datasets/fd06f5ae-8a4f-4120-b275-8a514ad23499/v3/11b48767_2650.csv,23378,3050580,fb8c08283ff6a3d1cca402402d5f5eb3c7f88eb2a53370b503d48f57013e0bef
2610 — בית שמש,"4,3",data/raw/over_fd06f5ae/files/v3/13b0e218_2610.csv,https://pub-63c02556dabd4956af9500eb8fe7198c.r2.dev/datasets/fd06f5ae-8a4f-4120-b275-8a514ad23499/v3/13b0e218_2610.csv,49684,6423898,df76373b3eace11ad06a78672e89e0312e07dec27f558e00e07b635ee95ad73c
7700 — עפולה,"4,3",data/raw/over_fd06f5ae/files/v3/18b3e063_7700.csv,https://pub-63c02556dabd4956af9500eb8fe7198c.r2.dev/datasets/fd06f5ae-8a4f-4120-b275-8a514ad23499/v3/18b3e063_7700.csv,38913,4878650,cdda643dfee8f265b3c98e67a6e7ab515f61674f02831d852ba4375ffde43d0e
6200 — בת ים,"4,3",data/raw/over_fd06f5ae/files/v3/229a0306_6200.csv,https://pub-63c02556dabd4956af9500eb8fe7198c.r2.dev/datasets/fd06f5ae-8a4f-4120-b275-8a514ad23499/v3/229a0306_6200.csv,63403,7936101,9071d83d12495666ec65fce60392f93426d9b844e9b093997bd93837c7a9da51
7000 — לוד,"4,3",data/raw/over_fd06f5ae/files/v3/253f40c1_7000.csv,https://pub-63c02556dabd4956af9500eb8fe7198c.r2.dev/datasets/fd06f5ae-8a4f-4120-b275-8a514ad23499/v3/253f40c1_7000.csv,29466,3585766,0ce1cc43f00158cc0e7940e4568bea8d9822f6976b210ffe9c4baea515134a6b
2640 — ראש העין,"4,3",data/raw/over_fd06f5ae/files/v3/279f43eb_2640.csv,https://pub-63c02556dabd4956af9500eb8fe7198c.r2.dev/datasets/fd06f5ae-8a4f-4120-b275-8a514ad23499/v3/279f43eb_2640.csv,23121,3025771,b1199175703f0206ef72d6f87f5f625bdbe6bdd04cf2f3318c77b03195a9a8d9
2530 — באר יעקב,"4,3",data/raw/over_fd06f5ae/files/v3/2befb27f_2530.csv,https://pub-63c02556dabd4956af9500eb8fe7198c.r2.dev/datasets/fd06f5ae-8a4f-4120-b275-8a514ad23499/v3/2befb27f_2530.csv,17405,2306803,ad74cfae2573d69a6729cda5407990469746f156186c90b7d234edf42a1760c1
7800 — פרדס חנה-כרכור,"4,3",data/raw/over_fd06f5ae/files/v3/2f24315f_7800.csv,https://pub-63c02556dabd4956af9500eb8fe7198c.r2.dev/datasets/fd06f5ae-8a4f-4120-b275-8a514ad23499/v3/2f24315f_7800.csv,21069,2960844,c605c5cf216983b8d71308ccb17a47cb1acdae5e566cdef734aa2ec9836dea46
7200 — נס ציונה,"4,3",data/raw/over_fd06f5ae/files/v3/3b1edcad_7200.csv,https://pub-63c02556dabd4956af9500eb8fe7198c.r2.dev/datasets/fd06f5ae-8a4f-4120-b275-8a514ad23499/v3/3b1edcad_7200.csv,20635,2630780,42715657069f1ae9f87b8eb2e06c40be7017e57a050ae4d9e41b3980babc09e5
6600 — חולון,"4,3",data/raw/over_fd06f5ae/files/v3/475e6d86_6600.csv,https://pub-63c02556dabd4956af9500eb8fe7198c.r2.dev/datasets/fd06f5ae-8a4f-4120-b275-8a514ad23499/v3/475e6d86_6600.csv,79451,9882161,867b1aa599d9b5b8c508af71f9c984c3cdc5246737862c663a80958c5ee8de84
9500 — קריית ביאליק,"4,3",data/raw/over_fd06f5ae/files/v3/4a9875ed_9500.csv,https://pub-63c02556dabd4956af9500eb8fe7198c.r2.dev/datasets/fd06f5ae-8a4f-4120-b275-8a514ad23499/v3/4a9875ed_9500.csv,25409,3556676,7f20b50fe0d12adb85649df8620d5ffc1ddea4be62014b5b4bfd8f0015994437
2630 — קריית גת,3,data/raw/over_fd06f5ae/files/v3/5001cbbd_2630.csv,https://pub-63c02556dabd4956af9500eb8fe7198c.r2.dev/datasets/fd06f5ae-8a4f-4120-b275-8a514ad23499/v3/5001cbbd_2630.csv,32720,4281417,95f89475ea04badb59d7c516ab837a7bc42ad051ad393d27182021fa0c39d217
2400 — אור יהודה,"4,3",data/raw/over_fd06f5ae/files/v3/591fd791_2400.csv,https://pub-63c02556dabd4956af9500eb8fe7198c.r2.dev/datasets/fd06f5ae-8a4f-4120-b275-8a514ad23499/v3/591fd791_2400.csv,16046,2110752,badae35dce2004f6388da9ccf7abd1702f12be9f72a5c96305834d47b3dadb30
1031 — שדרות,"4,3",data/raw/over_fd06f5ae/files/v3/6884622f_1031.csv,https://pub-63c02556dabd4956af9500eb8fe7198c.r2.dev/datasets/fd06f5ae-8a4f-4120-b275-8a514ad23499/v3/6884622f_1031.csv,15384,1922939,7cf1e8ee50775b8e6be31c4f42509a936c731d3be5ef189d180e1f5dfbfefe12
9700 — הוד השרון,"4,3",data/raw/over_fd06f5ae/files/v3/714960b4_9700.csv,https://pub-63c02556dabd4956af9500eb8fe7198c.r2.dev/datasets/fd06f5ae-8a4f-4120-b275-8a514ad23499/v3/714960b4_9700.csv,31838,4119933,3a3f2ecc1e0500a9fb1fd6be174c6b8dd33fb06231e7e58f8e1f99880f626341
6800 — קריית אתא,"4,3",data/raw/over_fd06f5ae/files/v3/718cb4ee_6800.csv,https://pub-63c02556dabd4956af9500eb8fe7198c.r2.dev/datasets/fd06f5ae-8a4f-4120-b275-8a514ad23499/v3/718cb4ee_6800.csv,30993,4112978,9aa91f1a26917bc8137fdb2275a7442f75f5b26dffa4f22f4c7d36a42978ac81
6700 — טבריה,"4,3",data/raw/over_fd06f5ae/files/v3/789a3ac8_6700.csv,https://pub-63c02556dabd4956af9500eb8fe7198c.r2.dev/datasets/fd06f5ae-8a4f-4120-b275-8a514ad23499/v3/789a3ac8_6700.csv,24839,3101819,f4db77bc0b0833ae789db2cbf5c34052718b4cd09d776af2445c06c1ce900c54
6100 — בני ברק,"4,3",data/raw/over_fd06f5ae/files/v3/7a143099_6100.csv,https://pub-63c02556dabd4956af9500eb8fe7198c.r2.dev/datasets/fd06f5ae-8a4f-4120-b275-8a514ad23499/v3/7a143099_6100.csv,50976,6546760,d438984a79c004c0a5ca5d845cfb34d6dab98617ca61175de2c6af67f5e1ce1f
8400 — רחובות,"4,3",data/raw/over_fd06f5ae/files/v3/7b4694c8_8400.csv,https://pub-63c02556dabd4956af9500eb8fe7198c.r2.dev/datasets/fd06f5ae-8a4f-4120-b275-8a514ad23499/v3/7b4694c8_8400.csv,65930,8368511,2f8e54fed4f8691280d60d8ce8285a7ece1b4c0cc64e2b44dfa2bee40119c2ba
9600 — קריית ים,"4,3",data/raw/over_fd06f5ae/files/v3/82dda5f3_9600.csv,https://pub-63c02556dabd4956af9500eb8fe7198c.r2.dev/datasets/fd06f5ae-8a4f-4120-b275-8a514ad23499/v3/82dda5f3_9600.csv,20967,2779879,6292dd1e55d9cdff47a124f4620c7a08d524cdaefe363502bfd1a77e4fcc45d4
2500 — נשר,"4,3",data/raw/over_fd06f5ae/files/v3/86da2a78_2500.csv,https://pub-63c02556dabd4956af9500eb8fe7198c.r2.dev/datasets/fd06f5ae-8a4f-4120-b275-8a514ad23499/v3/86da2a78_2500.csv,14942,1824051,3e4ee8b078cc10d8e5178c8159a6db11220b4ccabdc31a80a7e5777880fdc9b9
1061 — נוף הגליל,"4,3",data/raw/over_fd06f5ae/files/v3/8beffd01_1061.csv,https://pub-63c02556dabd4956af9500eb8fe7198c.r2.dev/datasets/fd06f5ae-8a4f-4120-b275-8a514ad23499/v3/8beffd01_1061.csv,19993,2651875,146271e58d9db514cf935f7f58836c41a183b1c0288e48feffef0ec629beab07
7600 — עכו,"4,3",data/raw/over_fd06f5ae/files/v3/9366da84_7600.csv,https://pub-63c02556dabd4956af9500eb8fe7198c.r2.dev/datasets/fd06f5ae-8a4f-4120-b275-8a514ad23499/v3/9366da84_7600.csv,22843,2792762,11dc9b2007d20b75f14674ae9f0e98723bf766801ebbab238d316dd615950a7e
1139 — כרמיאל,"4,3",data/raw/over_fd06f5ae/files/v3/9b22b3d7_1139.csv,https://pub-63c02556dabd4956af9500eb8fe7198c.r2.dev/datasets/fd06f5ae-8a4f-4120-b275-8a514ad23499/v3/9b22b3d7_1139.csv,23369,2989539,009d238b72ad5fd0c3d4829a901d565ea85df21931c7f345b435defbca94dd6c
8700 — רעננה,"4,3",data/raw/over_fd06f5ae/files/v3/a59933cb_8700.csv,https://pub-63c02556dabd4956af9500eb8fe7198c.r2.dev/datasets/fd06f5ae-8a4f-4120-b275-8a514ad23499/v3/a59933cb_8700.csv,37171,4613712,82e3f9233cb78484a05e59a05c4b52376e544a491391809cf1eee52d44e7aef2
6900 — כפר סבא,"4,3",data/raw/over_fd06f5ae/files/v3/ab00d151_6900.csv,https://pub-63c02556dabd4956af9500eb8fe7198c.r2.dev/datasets/fd06f5ae-8a4f-4120-b275-8a514ad23499/v3/ab00d151_6900.csv,41169,5234859,d10795e85f24e1baad5f161b8af9cdfe573ac68f1a31e3f90d0e2dd43fd5ccb8
6400 — הרצלייה,"4,3",data/raw/over_fd06f5ae/files/v3/b4d05e75_6400.csv,https://pub-63c02556dabd4956af9500eb8fe7198c.r2.dev/datasets/fd06f5ae-8a4f-4120-b275-8a514ad23499/v3/b4d05e75_6400.csv,50741,6484805,5f628bc8b30b30756210c2d8463afb62d8647cce03255101aa2f7609f421e7c8
2660 — יבנה,"4,3",data/raw/over_fd06f5ae/files/v3/c837ba30_2660.csv,https://pub-63c02556dabd4956af9500eb8fe7198c.r2.dev/datasets/fd06f5ae-8a4f-4120-b275-8a514ad23499/v3/c837ba30_2660.csv,20464,2547487,989297cfa286826206f4e0595e2b85edc217ae096c26abcd5f71c6eaf838025b
8200 — קריית מוצקין,"4,3",data/raw/over_fd06f5ae/files/v3/ca305a1e_8200.csv,https://pub-63c02556dabd4956af9500eb8fe7198c.r2.dev/datasets/fd06f5ae-8a4f-4120-b275-8a514ad23499/v3/ca305a1e_8200.csv,26139,3678121,340c096aca8f9542fea988877904add7e36303f9e712ce9949b281a97303a100
246 — נתיבות,3,data/raw/over_fd06f5ae/files/v3/d568e1af_246.csv,https://pub-63c02556dabd4956af9500eb8fe7198c.r2.dev/datasets/fd06f5ae-8a4f-4120-b275-8a514ad23499/v3/d568e1af_246.csv,24444,3111823,0aa44cc8d99c5de171137e9d36a9c3ac6e5a718b01ede9f292ecc41dc6303950
2600 — אילת,"4,3",data/raw/over_fd06f5ae/files/v3/d67a27e1_2600.csv,https://pub-63c02556dabd4956af9500eb8fe7198c.r2.dev/datasets/fd06f5ae-8a4f-4120-b275-8a514ad23499/v3/d67a27e1_2600.csv,34847,4307675,d48c60fb7ea737f1299077751b3549dfc6200e258ba725a558fc9e1e443335f2
1200 — מודיעין-מכבים-רעות,"4,3",data/raw/over_fd06f5ae/files/v3/da34efc0_1200.csv,https://pub-63c02556dabd4956af9500eb8fe7198c.r2.dev/datasets/fd06f5ae-8a4f-4120-b275-8a514ad23499/v3/da34efc0_1200.csv,43705,6547308,1f819f06e887ad73daad20cd3aa043114a76fd1ffb95347193cf2e1fa3039a9a
6500 — חדרה,"4,3",data/raw/over_fd06f5ae/files/v3/db53fb2b_6500.csv,https://pub-63c02556dabd4956af9500eb8fe7198c.r2.dev/datasets/fd06f5ae-8a4f-4120-b275-8a514ad23499/v3/db53fb2b_6500.csv,53942,6624704,dcb36429455a2f1f704b10fdb5dc4ac00cf69eef5b0e41a9cdb4d3511f08453c
6300 — גבעתיים,"4,3",data/raw/over_fd06f5ae/files/v3/e00aa2f4_6300.csv,https://pub-63c02556dabd4956af9500eb8fe7198c.r2.dev/datasets/fd06f5ae-8a4f-4120-b275-8a514ad23499/v3/e00aa2f4_6300.csv,27606,3582274,2bab0dc5e25d0b5f8e5d891c968aea02c594bbab0d8b33810813e0dd7016abd1
9100 — נהרייה,"4,3",data/raw/over_fd06f5ae/files/v3/e0407436_9100.csv,https://pub-63c02556dabd4956af9500eb8fe7198c.r2.dev/datasets/fd06f5ae-8a4f-4120-b275-8a514ad23499/v3/e0407436_9100.csv,35170,4513082,8f772e4260dcb82c2eacb671d43304dbc52c39c5182b3a3f92a4716523814cda
2560 — ערד,4,data/raw/over_fd06f5ae/files/v4/198051b7_2560.csv,https://pub-63c02556dabd4956af9500eb8fe7198c.r2.dev/datasets/fd06f5ae-8a4f-4120-b275-8a514ad23499/v4/198051b7_2560.csv,15414,1864468,f7116bbfc6e566b09cfe6ec67ad6bbd2264369aa406b2fa5d292a6c1f0e78117
31 — אופקים,4,data/raw/over_fd06f5ae/files/v4/235bfecd_31.csv,https://pub-63c02556dabd4956af9500eb8fe7198c.r2.dev/datasets/fd06f5ae-8a4f-4120-b275-8a514ad23499/v4/235bfecd_31.csv,17487,2196153,b6c5c6ec62d5a1e890fb639da56111e6c27b1f1d41684bf2ba45a84f4d0a46e6
2200 — דימונה,4,data/raw/over_fd06f5ae/files/v4/2537d7ea_2200.csv,https://pub-63c02556dabd4956af9500eb8fe7198c.r2.dev/datasets/fd06f5ae-8a4f-4120-b275-8a514ad23499/v4/2537d7ea_2200.csv,17091,2178032,5346588f10a348918872a663070493b3c511fe46e219da5a58e18beb497fd22d
5000 — תל אביב -יפו,4,data/raw/over_fd06f5ae/files/v4/2e0cb450_5000.csv,https://pub-63c02556dabd4956af9500eb8fe7198c.r2.dev/datasets/fd06f5ae-8a4f-4120-b275-8a514ad23499/v4/2e0cb450_5000.csv,250853,33682339,18d389807e0798928ea17d275340eb23b2857141b0e21cc35ba0d9c99f197d1b
2630 — קריית גת,4,data/raw/over_fd06f5ae/files/v4/373bf8fd_2630.csv,https://pub-63c02556dabd4956af9500eb8fe7198c.r2.dev/datasets/fd06f5ae-8a4f-4120-b275-8a514ad23499/v4/373bf8fd_2630.csv,32721,4281532,08a0e379369a1cd925ea128acf799febf6308bae8047601d4b01a8ff6ef3d885
9000 — באר שבע,4,data/raw/over_fd06f5ae/files/v4/48e5d511_9000.csv,https://pub-63c02556dabd4956af9500eb8fe7198c.r2.dev/datasets/fd06f5ae-8a4f-4120-b275-8a514ad23499/v4/48e5d511_9000.csv,114012,14751962,a88ab60dfb995c42446a9191666e822d276bdc6f05029981573e446b681750c5
0 — יתר היישובים,4,data/raw/over_fd06f5ae/files/v4/674a9fed_0.csv,https://pub-63c02556dabd4956af9500eb8fe7198c.r2.dev/datasets/fd06f5ae-8a4f-4120-b275-8a514ad23499/v4/674a9fed_0.csv,674340,80356661,056dd932f89e6e9b17765a52db92ad38ba5408e97d6847aaa10dc48914cf51ee
7900 — פתח תקווה,4,data/raw/over_fd06f5ae/files/v4/a00f54eb_7900.csv,https://pub-63c02556dabd4956af9500eb8fe7198c.r2.dev/datasets/fd06f5ae-8a4f-4120-b275-8a514ad23499/v4/a00f54eb_7900.csv,124367,16477027,2f18780a9dd703b42a7c505878dd642c3e5b9fa905893ec7199847e309f1a9f4
246 — נתיבות,4,data/raw/over_fd06f5ae/files/v4/aabc58e5_246.csv,https://pub-63c02556dabd4956af9500eb8fe7198c.r2.dev/datasets/fd06f5ae-8a4f-4120-b275-8a514ad23499/v4/aabc58e5_246.csv,24510,3120527,6f5a90f0f5e1c8c96609938223e69724c70bb1952d1ee321df6784a79a44f139
7100 — אשקלון,4,data/raw/over_fd06f5ae/files/v4/fa347797_7100.csv,https://pub-63c02556dabd4956af9500eb8fe7198c.r2.dev/datasets/fd06f5ae-8a4f-4120-b275-8a514ad23499/v4/fa347797_7100.csv,85409,10900008,8de34771f595d21173a7cd345899d41d91f61626a4c725483f4fb7cd6a29bdd6
